seed,n_train,model,features,eval_set,mae_D,rmse_D,mae_fold_std_D,n_eval,n_candidates,hyperparams,seconds,scaling,track,rmse_below_tail_D,r2,bias_D,fit_seconds,details
0,100,ridge,structure+,cv,0.6236917399023096,0.8551041313267528,0.12976765000757054,100,15.0,"{""regressor__model__alpha"": 31.622776601683793}",5.84,standard,B,,,,,
0,100,rbf_krr,structure+,cv,0.5908573156167115,0.8674763240908532,0.13728348683804986,100,63.0,"{""regressor__model__alpha"": 0.1, ""regressor__model__gamma"": 0.005966561622959206}",0.3,standard,B,,,,,
0,100,ridge,all_legal,cv,0.698738397175378,0.9838978081485927,0.16396589161039743,100,15.0,"{""regressor__model__alpha"": 100.0}",0.09,standard,B,,,,,
0,100,rbf_krr,all_legal,cv,0.697027845236732,0.9818432395677589,0.16504618604378868,100,63.0,"{""regressor__model__alpha"": 0.01, ""regressor__model__gamma"": 5.319148936170213e-05}",0.34,standard,B,,,,,
0,300,ridge,structure+,cv,0.5408015269876617,0.7843822443277078,0.04817236514507111,300,15.0,"{""regressor__model__alpha"": 10.0}",0.09,standard,B,,,,,
0,300,rbf_krr,structure+,cv,0.5002333354966233,0.7644625293215681,0.08405652238250863,300,63.0,"{""regressor__model__alpha"": 0.1, ""regressor__model__gamma"": 0.005966561622959206}",0.37,standard,B,,,,,
0,300,ridge,all_legal,cv,109.93968503397696,1890.8448128367538,244.14901066742328,300,15.0,"{""regressor__model__alpha"": 1000.0}",0.12,standard,B,,,,,
0,300,rbf_krr,all_legal,cv,0.47959117020320446,0.7010868096901766,0.05241433984851973,300,63.0,"{""regressor__model__alpha"": 0.01, ""regressor__model__gamma"": 0.0016820625851959464}",0.51,standard,B,,,,,
0,1000,ridge,structure+,cv,0.5215098930995702,0.7489529420681267,0.025488711831305563,1000,15.0,"{""regressor__model__alpha"": 1.0}",0.08,standard,B,,,,,
0,1000,rbf_krr,structure+,cv,0.47190604184707147,0.7247591913870486,0.029182030837714635,1000,63.0,"{""regressor__model__alpha"": 0.1, ""regressor__model__gamma"": 0.005966561622959206}",2.57,standard,B,,,,,
0,1000,ridge,all_legal,cv,0.5059640359680811,0.7328537109795227,0.03149031109221043,1000,15.0,"{""regressor__model__alpha"": 10.0}",0.29,standard,B,,,,,
0,1000,rbf_krr,all_legal,cv,0.4587731057091143,0.6919652471605013,0.015574364321127054,1000,63.0,"{""regressor__model__alpha"": 0.01, ""regressor__model__gamma"": 0.0005319148936170213}",3.33,standard,B,,,,,
1,100,ridge,structure+,cv,0.8382579422507058,1.1071477534210974,0.20957570351416546,100,15.0,"{""regressor__model__alpha"": 31.622776601683793}",0.08,standard,B,,,,,
1,100,rbf_krr,structure+,cv,0.7852210628512314,1.0607458650318422,0.2028181212108478,100,63.0,"{""regressor__model__alpha"": 0.1, ""regressor__model__gamma"": 0.005966561622959206}",0.28,standard,B,,,,,
1,100,ridge,all_legal,cv,0.9301418128604715,1.2605902172556958,0.22226516445229505,100,15.0,"{""regressor__model__alpha"": 31.622776601683793}",0.09,standard,B,,,,,
1,100,rbf_krr,all_legal,cv,0.8863442798714014,1.1577183541556548,0.1415839181699719,100,63.0,"{""regressor__model__alpha"": 0.01, ""regressor__model__gamma"": 0.00016820625851959463}",0.29,standard,B,,,,,
1,300,ridge,structure+,cv,0.6371295176420592,0.9493195587306562,0.04045712432553462,300,15.0,"{""regressor__model__alpha"": 31.622776601683793}",0.08,standard,B,,,,,
1,300,rbf_krr,structure+,cv,0.6043458283457058,0.930686745788271,0.04938506590148449,300,63.0,"{""regressor__model__alpha"": 0.01, ""regressor__model__gamma"": 0.0018867924528301887}",0.36,standard,B,,,,,
1,300,ridge,all_legal,cv,0.6808287253571772,1.0323478952015597,0.10215306362899584,300,15.0,"{""regressor__model__alpha"": 100.0}",0.1,standard,B,,,,,
1,300,rbf_krr,all_legal,cv,0.6554303961766031,0.9752624882537975,0.06268771883515749,300,63.0,"{""regressor__model__alpha"": 0.01, ""regressor__model__gamma"": 0.00016820625851959463}",0.45,standard,B,,,,,
1,1000,ridge,structure+,cv,0.5399416080585907,0.7566031836563415,0.024005186591735138,1000,15.0,"{""regressor__model__alpha"": 10.0}",0.1,standard,B,,,,,
1,1000,rbf_krr,structure+,cv,0.482984347399691,0.7078106093107147,0.026263488940077594,1000,63.0,"{""regressor__model__alpha"": 0.01, ""regressor__model__gamma"": 0.0018867924528301887}",2.7,standard,B,,,,,
1,1000,ridge,all_legal,cv,168.25092710752352,5299.4190275374785,374.71918219813057,1000,15.0,"{""regressor__model__alpha"": 1000.0}",0.29,standard,B,,,,,
1,1000,rbf_krr,all_legal,cv,0.482040741550506,0.7296338277894276,0.022855571992350124,1000,63.0,"{""regressor__model__alpha"": 0.01, ""regressor__model__gamma"": 0.0005319148936170213}",3.1,standard,B,,,,,
2,100,ridge,structure+,cv,0.599215558857598,0.8803987129858839,0.17239603430741401,100,15.0,"{""regressor__model__alpha"": 10.0}",0.08,standard,B,,,,,
2,100,rbf_krr,structure+,cv,0.5122808784524526,0.7703013452747977,0.12603581962577348,100,63.0,"{""regressor__model__alpha"": 0.1, ""regressor__model__gamma"": 0.005966561622959206}",0.25,standard,B,,,,,
2,100,ridge,all_legal,cv,0.678400067246508,0.9282882024855417,0.21499984681899376,100,15.0,"{""regressor__model__alpha"": 31.622776601683793}",0.08,standard,B,,,,,
2,100,rbf_krr,all_legal,cv,0.6075045153118249,0.8491841108368144,0.11934897473493954,100,63.0,"{""regressor__model__alpha"": 0.1, ""regressor__model__gamma"": 0.0016820625851959464}",0.3,standard,B,,,,,
2,300,ridge,structure+,cv,0.5570331756846718,0.8260157987235786,0.018942168598746142,300,15.0,"{""regressor__model__alpha"": 10.0}",0.07,standard,B,,,,,
2,300,rbf_krr,structure+,cv,0.5210880080285021,0.8237716122410456,0.062107663650330616,300,63.0,"{""regressor__model__alpha"": 0.01, ""regressor__model__gamma"": 0.0018867924528301887}",0.38,standard,B,,,,,
2,300,ridge,all_legal,cv,10094.020036098684,173266.6116767575,22569.18542668663,300,15.0,"{""regressor__model__alpha"": 1000.0}",0.11,standard,B,,,,,
2,300,rbf_krr,all_legal,cv,0.5486963131053061,0.8377969290721712,0.05802991248404913,300,63.0,"{""regressor__model__alpha"": 0.01, ""regressor__model__gamma"": 0.00016820625851959463}",0.51,standard,B,,,,,
2,1000,ridge,structure+,cv,0.4917029029880096,0.6881977499209775,0.025859612159831867,1000,15.0,"{""regressor__model__alpha"": 10.0}",0.1,standard,B,,,,,
2,1000,rbf_krr,structure+,cv,0.46558670619318,0.6734307724633295,0.026603397965829532,1000,63.0,"{""regressor__model__alpha"": 0.001, ""regressor__model__gamma"": 0.00018867924528301886}",2.66,standard,B,,,,,
2,1000,ridge,all_legal,cv,0.5371898422247159,0.7968040166437838,0.04714039938209385,1000,15.0,"{""regressor__model__alpha"": 316.22776601683796}",0.29,standard,B,,,,,
2,1000,rbf_krr,all_legal,cv,0.4621337162584134,0.6945454164313395,0.030827271354170346,1000,63.0,"{""regressor__model__alpha"": 0.01, ""regressor__model__gamma"": 0.0005319148936170213}",3.29,standard,B,,,,,
0,100,ridge,structure+,cv,0.6278204469499897,0.8618902877830473,0.1446241935031042,100,15.0,"{""regressor__model__alpha"": 10.0}",0.1,robust,B,,,,,
0,100,rbf_krr,structure+,cv,0.5832690776618245,0.8584541512233633,0.15434412317069626,100,63.0,"{""regressor__model__alpha"": 0.1, ""regressor__model__gamma"": 0.005966561622959206}",0.32,robust,B,,,,,
0,100,ridge,all_legal,cv,1.0520846317943746,1.394269670963624,0.42442723038704816,100,15.0,"{""regressor__model__alpha"": 31.622776601683793}",0.11,robust,B,,,,,
0,100,rbf_krr,all_legal,cv,0.8120616445719547,1.1968544148544886,0.23651806245978366,100,63.0,"{""regressor__model__alpha"": 0.01, ""regressor__model__gamma"": 0.0005319148936170213}",0.32,robust,B,,,,,
0,300,ridge,structure+,cv,0.5405138013275292,0.778412503435413,0.04806922343747247,300,15.0,"{""regressor__model__alpha"": 1.0}",0.09,robust,B,,,,,
0,300,rbf_krr,structure+,cv,0.5156517073503091,0.7797992277731298,0.06418549098422754,300,63.0,"{""regressor__model__alpha"": 0.01, ""regressor__model__gamma"": 0.0018867924528301887}",0.45,robust,B,,,,,
0,300,ridge,all_legal,cv,0.5306328295849932,0.7436273683662722,0.04415880664243961,300,15.0,"{""regressor__model__alpha"": 1.0}",0.13,robust,B,,,,,
0,300,rbf_krr,all_legal,cv,0.8008896814561394,1.2613281979455813,0.16675879370603217,300,63.0,"{""regressor__model__alpha"": 0.001, ""regressor__model__gamma"": 0.0016820625851959464}",0.68,robust,B,,,,,
0,1000,ridge,structure+,cv,0.5196209744206509,0.7404805939714101,0.025327875617980892,1000,15.0,"{""regressor__model__alpha"": 1.0}",0.12,robust,B,,,,,
0,1000,rbf_krr,structure+,cv,0.47940271652633565,0.6931761000711942,0.02256095875762604,1000,63.0,"{""regressor__model__alpha"": 0.001, ""regressor__model__gamma"": 0.0005966561622959206}",3.06,robust,B,,,,,
0,1000,ridge,all_legal,cv,0.4976024384529049,0.6991980707745056,0.02138737736415084,1000,15.0,"{""regressor__model__alpha"": 1.0}",0.4,robust,B,,,,,
0,1000,rbf_krr,all_legal,cv,0.6548605134571559,1.1058156267244132,0.043096313649630645,1000,63.0,"{""regressor__model__alpha"": 0.01, ""regressor__model__gamma"": 0.0005319148936170213}",3.98,robust,B,,,,,
1,100,ridge,structure+,cv,0.8466213195725959,1.1167230005834599,0.2061123976407436,100,15.0,"{""regressor__model__alpha"": 10.0}",0.09,robust,B,,,,,
1,100,rbf_krr,structure+,cv,0.8265134400341324,1.1136259144509897,0.23451115549506016,100,63.0,"{""regressor__model__alpha"": 0.1, ""regressor__model__gamma"": 0.005966561622959206}",0.26,robust,B,,,,,
1,100,ridge,all_legal,cv,1.2358889849825427,1.5728589797981163,0.27328097541430957,100,15.0,"{""regressor__model__alpha"": 1.0}",0.1,robust,B,,,,,
1,100,rbf_krr,all_legal,cv,1.0900348255487782,1.4412669133221956,0.20680740499496186,100,63.0,"{""regressor__model__alpha"": 1e-06, ""regressor__model__gamma"": 0.0016820625851959464}",0.32,robust,B,,,,,
1,300,ridge,structure+,cv,0.638144249361903,0.9429309526538363,0.03336895874568436,300,15.0,"{""regressor__model__alpha"": 10.0}",0.09,robust,B,,,,,
1,300,rbf_krr,structure+,cv,0.6348781398739142,0.9455640575934608,0.03800458320899916,300,63.0,"{""regressor__model__alpha"": 0.01, ""regressor__model__gamma"": 0.0005966561622959206}",0.37,robust,B,,,,,
1,300,ridge,all_legal,cv,0.7242943219221492,1.0526151635734848,0.09059802871828196,300,15.0,"{""regressor__model__alpha"": 10.0}",0.18,robust,B,,,,,
1,300,rbf_krr,all_legal,cv,0.9360937285380523,1.37959713505826,0.10207527939197814,300,63.0,"{""regressor__model__alpha"": 0.001, ""regressor__model__gamma"": 5.319148936170213e-05}",0.78,robust,B,,,,,
1,1000,ridge,structure+,cv,0.5436040270233391,0.7565823062494039,0.02130252847922375,1000,15.0,"{""regressor__model__alpha"": 0.1}",0.13,robust,B,,,,,
1,1000,rbf_krr,structure+,cv,0.497957296548354,0.7197719358630545,0.029539117420411872,1000,63.0,"{""regressor__model__alpha"": 0.001, ""regressor__model__gamma"": 0.0018867924528301887}",2.61,robust,B,,,,,
1,1000,ridge,all_legal,cv,0.5140289382453718,0.7268892404769596,0.016453366395889277,1000,15.0,"{""regressor__model__alpha"": 0.1}",0.32,robust,B,,,,,
1,1000,rbf_krr,all_legal,cv,0.7597082436427716,1.2151633546568015,0.029091604713080293,1000,63.0,"{""regressor__model__alpha"": 0.001, ""regressor__model__gamma"": 0.0005319148936170213}",3.96,robust,B,,,,,
2,100,ridge,structure+,cv,0.6337753482309983,0.9057227333412892,0.1602195173085248,100,15.0,"{""regressor__model__alpha"": 3.1622776601683795}",0.08,robust,B,,,,,
2,100,rbf_krr,structure+,cv,0.5400858073939162,0.7978642086533272,0.12814223473279496,100,63.0,"{""regressor__model__alpha"": 0.01, ""regressor__model__gamma"": 0.0018867924528301887}",0.25,robust,B,,,,,
2,100,ridge,all_legal,cv,0.9415951282914675,1.1547159044786708,0.22686530174276476,100,15.0,"{""regressor__model__alpha"": 31.622776601683793}",0.1,robust,B,,,,,
2,100,rbf_krr,all_legal,cv,0.8141445853006459,1.0778768746686007,0.1748381767013555,100,63.0,"{""regressor__model__alpha"": 0.01, ""regressor__model__gamma"": 0.0016820625851959464}",0.33,robust,B,,,,,
2,300,ridge,structure+,cv,0.5622896824944973,0.8280165288365987,0.01825988273369154,300,15.0,"{""regressor__model__alpha"": 0.00031622776601683794}",0.09,robust,B,,,,,
2,300,rbf_krr,structure+,cv,0.5233570138541069,0.7967591149234675,0.05328513345762682,300,63.0,"{""regressor__model__alpha"": 0.0001, ""regressor__model__gamma"": 0.00018867924528301886}",0.38,robust,B,,,,,
2,300,ridge,all_legal,cv,0.6048438509367222,0.8986329438617233,0.05264016496281444,300,15.0,"{""regressor__model__alpha"": 3.1622776601683795}",0.15,robust,B,,,,,
2,300,rbf_krr,all_legal,cv,0.7251950394870538,1.0674369534008035,0.07536847450189395,300,63.0,"{""regressor__model__alpha"": 0.001, ""regressor__model__gamma"": 5.319148936170213e-05}",0.62,robust,B,,,,,
2,1000,ridge,structure+,cv,0.4915752556469226,0.6861190019017416,0.02413641635317419,1000,15.0,"{""regressor__model__alpha"": 0.00031622776601683794}",0.11,robust,B,,,,,
2,1000,rbf_krr,structure+,cv,0.46500839450714193,0.680091393304333,0.025001344032762,1000,63.0,"{""regressor__model__alpha"": 0.0001, ""regressor__model__gamma"": 0.00018867924528301886}",2.36,robust,B,,,,,
2,1000,ridge,all_legal,cv,0.48220221319984263,0.683408743022739,0.022938541429142454,1000,15.0,"{""regressor__model__alpha"": 1.0}",0.33,robust,B,,,,,
2,1000,rbf_krr,all_legal,cv,0.7223797595231803,1.3043488958275167,0.058570138078460246,1000,63.0,"{""regressor__model__alpha"": 0.001, ""regressor__model__gamma"": 0.00016820625851959463}",4.3,robust,B,,,,,
0,100,ridge,structure+,cv,0.6210352260057433,0.849197265291486,0.11840431437938721,100,15.0,"{""regressor__model__alpha"": 31.622776601683793}",0.09,log_standard,B,,,,,
0,100,rbf_krr,structure+,cv,0.5865358956034359,0.8601031444044321,0.13943960855683857,100,63.0,"{""regressor__model__alpha"": 0.1, ""regressor__model__gamma"": 0.005966561622959206}",0.28,log_standard,B,,,,,
0,100,ridge,all_legal,cv,0.6935074937634198,0.9807802603366891,0.16109422548415286,100,15.0,"{""regressor__model__alpha"": 100.0}",0.08,log_standard,B,,,,,
0,100,rbf_krr,all_legal,cv,0.6914968301320207,0.9786112819908555,0.16265846813458903,100,63.0,"{""regressor__model__alpha"": 0.01, ""regressor__model__gamma"": 5.319148936170213e-05}",0.27,log_standard,B,,,,,
0,300,ridge,structure+,cv,0.5327747761131156,0.7666166158003285,0.04521588182991323,300,15.0,"{""regressor__model__alpha"": 10.0}",0.08,log_standard,B,,,,,
0,300,rbf_krr,structure+,cv,0.4884086780736622,0.7511716410099071,0.08324048242142137,300,63.0,"{""regressor__model__alpha"": 0.1, ""regressor__model__gamma"": 0.005966561622959206}",0.38,log_standard,B,,,,,
0,300,ridge,all_legal,cv,18.394383029493998,306.23290385083175,39.5036860525997,300,15.0,"{""regressor__model__alpha"": 0.00031622776601683794}",0.11,log_standard,B,,,,,
0,300,rbf_krr,all_legal,cv,0.47551314493774754,0.6987518528653065,0.04155894146874553,300,63.0,"{""regressor__model__alpha"": 0.01, ""regressor__model__gamma"": 0.0005319148936170213}",0.56,log_standard,B,,,,,
0,1000,ridge,structure+,cv,0.5041273901946662,0.7358288481577002,0.023638193346139074,1000,15.0,"{""regressor__model__alpha"": 0.0001}",0.18,log_standard,B,,,,,
0,1000,rbf_krr,structure+,cv,0.466430065158813,0.7160641517791443,0.027170702311785276,1000,63.0,"{""regressor__model__alpha"": 0.1, ""regressor__model__gamma"": 0.005966561622959206}",2.61,log_standard,B,,,,,
0,1000,ridge,all_legal,cv,0.49751190790742983,0.7168679060601792,0.029634239572091298,1000,15.0,"{""regressor__model__alpha"": 31.622776601683793}",0.32,log_standard,B,,,,,
0,1000,rbf_krr,all_legal,cv,0.4599128985984257,0.6886993743826183,0.0186727896437105,1000,63.0,"{""regressor__model__alpha"": 0.01, ""regressor__model__gamma"": 0.0005319148936170213}",3.69,log_standard,B,,,,,
1,100,ridge,structure+,cv,0.8327022884663141,1.1081934258191868,0.2056356205198974,100,15.0,"{""regressor__model__alpha"": 31.622776601683793}",0.12,log_standard,B,,,,,
1,100,rbf_krr,structure+,cv,0.7762757150637701,1.0552501526715594,0.1934834216497472,100,63.0,"{""regressor__model__alpha"": 0.1, ""regressor__model__gamma"": 0.005966561622959206}",0.3,log_standard,B,,,,,
1,100,ridge,all_legal,cv,0.9253253886821097,1.2462725684195175,0.21176358682079477,100,15.0,"{""regressor__model__alpha"": 31.622776601683793}",0.17,log_standard,B,,,,,
1,100,rbf_krr,all_legal,cv,0.8831582432336978,1.1530202721629126,0.1412823400511034,100,63.0,"{""regressor__model__alpha"": 0.01, ""regressor__model__gamma"": 0.00016820625851959463}",0.37,log_standard,B,,,,,
1,300,ridge,structure+,cv,0.630579278567159,0.9450944097977549,0.04675356023134071,300,15.0,"{""regressor__model__alpha"": 10.0}",0.1,log_standard,B,,,,,
1,300,rbf_krr,structure+,cv,0.5988348534688348,0.9277121033831043,0.06999535930537919,300,63.0,"{""regressor__model__alpha"": 0.01, ""regressor__model__gamma"": 0.0018867924528301887}",0.52,log_standard,B,,,,,
1,300,ridge,all_legal,cv,0.6763095916578277,1.0294215278778536,0.08912566963894057,300,15.0,"{""regressor__model__alpha"": 31.622776601683793}",0.16,log_standard,B,,,,,
1,300,rbf_krr,all_legal,cv,0.6428177678043374,0.9848487140693286,0.07008557928645318,300,63.0,"{""regressor__model__alpha"": 0.01, ""regressor__model__gamma"": 0.0005319148936170213}",0.56,log_standard,B,,,,,
1,1000,ridge,structure+,cv,0.5340805970615004,0.756389013012857,0.021737060717370218,1000,15.0,"{""regressor__model__alpha"": 10.0}",0.13,log_standard,B,,,,,
1,1000,rbf_krr,structure+,cv,0.46873352454612993,0.7006329345994008,0.027388760063265134,1000,63.0,"{""regressor__model__alpha"": 0.01, ""regressor__model__gamma"": 0.005966561622959206}",3.0,log_standard,B,,,,,
1,1000,ridge,all_legal,cv,167.8511683279116,5286.936053291758,373.83769845902464,1000,15.0,"{""regressor__model__alpha"": 1000.0}",0.33,log_standard,B,,,,,
1,1000,rbf_krr,all_legal,cv,0.47663944313025947,0.7202835854249374,0.020547961625989934,1000,63.0,"{""regressor__model__alpha"": 0.01, ""regressor__model__gamma"": 0.0005319148936170213}",3.74,log_standard,B,,,,,
2,100,ridge,structure+,cv,0.5737027890659059,0.8444153633130526,0.15096801387690106,100,15.0,"{""regressor__model__alpha"": 10.0}",0.09,log_standard,B,,,,,
2,100,rbf_krr,structure+,cv,0.5135536111763389,0.7663690215649748,0.12262293768834556,100,63.0,"{""regressor__model__alpha"": 0.1, ""regressor__model__gamma"": 0.005966561622959206}",0.29,log_standard,B,,,,,
2,100,ridge,all_legal,cv,0.6789764401386605,0.9306618975873073,0.20990465066113204,100,15.0,"{""regressor__model__alpha"": 31.622776601683793}",0.09,log_standard,B,,,,,
2,100,rbf_krr,all_legal,cv,0.6126045710255155,0.8572882742662125,0.12453844024472287,100,63.0,"{""regressor__model__alpha"": 0.1, ""regressor__model__gamma"": 0.0016820625851959464}",0.29,log_standard,B,,,,,
2,300,ridge,structure+,cv,0.5540993816689341,0.8206061204376377,0.01433839695723366,300,15.0,"{""regressor__model__alpha"": 10.0}",0.08,log_standard,B,,,,,
2,300,rbf_krr,structure+,cv,0.5255061580829539,0.8051840765610779,0.02947623432603149,300,63.0,"{""regressor__model__alpha"": 0.01, ""regressor__model__gamma"": 0.0005966561622959206}",0.39,log_standard,B,,,,,
2,300,ridge,all_legal,cv,10395.440464352492,178439.93278780565,23243.188924526126,300,15.0,"{""regressor__model__alpha"": 1000.0}",0.12,log_standard,B,,,,,
2,300,rbf_krr,all_legal,cv,0.5472516846225401,0.8402931419877538,0.06386288465945637,300,63.0,"{""regressor__model__alpha"": 0.01, ""regressor__model__gamma"": 0.0005319148936170213}",0.47,log_standard,B,,,,,
2,1000,ridge,structure+,cv,0.4800137672112509,0.6765438839230392,0.02178254043089736,1000,15.0,"{""regressor__model__alpha"": 0.0001}",0.09,log_standard,B,,,,,
2,1000,rbf_krr,structure+,cv,0.4556641582187719,0.6668928973919699,0.02625891837581255,1000,63.0,"{""regressor__model__alpha"": 0.001, ""regressor__model__gamma"": 0.00018867924528301886}",2.6,log_standard,B,,,,,
2,1000,ridge,all_legal,cv,0.5412003892722185,0.9500435021986405,0.05831659174096532,1000,15.0,"{""regressor__model__alpha"": 316.22776601683796}",0.35,log_standard,B,,,,,
2,1000,rbf_krr,all_legal,cv,0.4551819294505784,0.6887902365959494,0.02840991373121103,1000,63.0,"{""regressor__model__alpha"": 0.01, ""regressor__model__gamma"": 0.0005319148936170213}",3.17,log_standard,B,,,,,
0,100,ridge,structure+,cv,0.6197265113391706,0.8581061894264013,0.09182145833052896,100,15.0,"{""regressor__model__alpha"": 31.622776601683793}",0.89,yeo_johnson,B,,,,,
0,100,rbf_krr,structure+,cv,0.589204005729686,0.8589922643644629,0.13530114765317436,100,63.0,"{""regressor__model__alpha"": 0.1, ""regressor__model__gamma"": 0.005966561622959206}",1.05,yeo_johnson,B,,,,,
0,100,ridge,all_legal,cv,0.6731810775950613,0.9397149441399292,0.15612925201525912,100,15.0,"{""regressor__model__alpha"": 31.622776601683793}",3.07,yeo_johnson,B,,,,,
0,100,rbf_krr,all_legal,cv,0.6628251768712423,0.9308783367022853,0.15764223660773455,100,63.0,"{""regressor__model__alpha"": 0.01, ""regressor__model__gamma"": 0.00016820625851959463}",3.66,yeo_johnson,B,,,,,
0,300,ridge,structure+,cv,0.5353830626234628,0.7707726129403618,0.04619914541433504,300,15.0,"{""regressor__model__alpha"": 10.0}",1.05,yeo_johnson,B,,,,,
0,300,rbf_krr,structure+,cv,0.48281889888755414,0.7413094201746536,0.08597961460843703,300,63.0,"{""regressor__model__alpha"": 0.1, ""regressor__model__gamma"": 0.005966561622959206}",1.33,yeo_johnson,B,,,,,
0,300,ridge,all_legal,cv,0.503510136080298,0.7349791771810861,0.057609780707974595,300,15.0,"{""regressor__model__alpha"": 10.0}",4.08,yeo_johnson,B,,,,,
0,300,rbf_krr,all_legal,cv,0.4553973477466411,0.6909743668102315,0.050225907504360526,300,63.0,"{""regressor__model__alpha"": 0.01, ""regressor__model__gamma"": 0.0005319148936170213}",4.0,yeo_johnson,B,,,,,
0,1000,ridge,structure+,cv,0.5141878472954944,0.7436511517907223,0.020229943079198943,1000,15.0,"{""regressor__model__alpha"": 10.0}",1.16,yeo_johnson,B,,,,,
0,1000,rbf_krr,structure+,cv,0.4640538171030162,0.7135251515642812,0.02186590190078557,1000,63.0,"{""regressor__model__alpha"": 0.1, ""regressor__model__gamma"": 0.005966561622959206}",3.93,yeo_johnson,B,,,,,
0,1000,ridge,all_legal,cv,0.5064818170014614,0.74018878621101,0.033254938189563724,1000,15.0,"{""regressor__model__alpha"": 31.622776601683793}",4.97,yeo_johnson,B,,,,,
0,1000,rbf_krr,all_legal,cv,0.4578642271503363,0.6982100123455138,0.019844981491031696,1000,63.0,"{""regressor__model__alpha"": 0.01, ""regressor__model__gamma"": 0.0016820625851959464}",7.75,yeo_johnson,B,,,,,
1,100,ridge,structure+,cv,0.8108783195269492,1.1037090814871113,0.19663213027823462,100,15.0,"{""regressor__model__alpha"": 31.622776601683793}",1.01,yeo_johnson,B,,,,,
1,100,rbf_krr,structure+,cv,0.7558131382584047,1.0478208795519643,0.1616560959989133,100,63.0,"{""regressor__model__alpha"": 0.1, ""regressor__model__gamma"": 0.005966561622959206}",1.04,yeo_johnson,B,,,,,
1,100,ridge,all_legal,cv,0.8736288970633964,1.1615297629781078,0.1772172465750301,100,15.0,"{""regressor__model__alpha"": 31.622776601683793}",3.32,yeo_johnson,B,,,,,
1,100,rbf_krr,all_legal,cv,0.8651886814880015,1.139138132602351,0.17256285750485204,100,63.0,"{""regressor__model__alpha"": 0.1, ""regressor__model__gamma"": 0.0016820625851959464}",3.28,yeo_johnson,B,,,,,
1,300,ridge,structure+,cv,0.6286187014273736,0.9605526181589166,0.047357838203579,300,15.0,"{""regressor__model__alpha"": 31.622776601683793}",0.88,yeo_johnson,B,,,,,
1,300,rbf_krr,structure+,cv,0.5960077025483802,0.9336173188469312,0.047177675273796064,300,63.0,"{""regressor__model__alpha"": 0.1, ""regressor__model__gamma"": 0.0018867924528301887}",1.18,yeo_johnson,B,,,,,
1,300,ridge,all_legal,cv,0.6616004655457707,0.9910230200001428,0.07197686645312859,300,15.0,"{""regressor__model__alpha"": 100.0}",3.57,yeo_johnson,B,,,,,
1,300,rbf_krr,all_legal,cv,0.6284611927004349,0.9727740554948442,0.064691255683073,300,63.0,"{""regressor__model__alpha"": 0.01, ""regressor__model__gamma"": 0.0005319148936170213}",4.43,yeo_johnson,B,,,,,
1,1000,ridge,structure+,cv,0.5401233115974452,0.7734574178746466,0.018585421236328826,1000,15.0,"{""regressor__model__alpha"": 31.622776601683793}",1.37,yeo_johnson,B,,,,,
1,1000,rbf_krr,structure+,cv,0.4663846495569302,0.6992649783502566,0.013647853436753211,1000,63.0,"{""regressor__model__alpha"": 0.01, ""regressor__model__gamma"": 0.0018867924528301887}",3.45,yeo_johnson,B,,,,,
1,1000,ridge,all_legal,cv,0.546285800589183,0.8256796048599759,0.026412314856920926,1000,15.0,"{""regressor__model__alpha"": 31.622776601683793}",4.51,yeo_johnson,B,,,,,
1,1000,rbf_krr,all_legal,cv,0.49175543851924625,0.742123006087931,0.013008260938342528,1000,63.0,"{""regressor__model__alpha"": 0.01, ""regressor__model__gamma"": 0.0016820625851959464}",7.74,yeo_johnson,B,,,,,
2,100,ridge,structure+,cv,0.5594326990872956,0.7824202022144022,0.12831916817477834,100,15.0,"{""regressor__model__alpha"": 31.622776601683793}",0.92,yeo_johnson,B,,,,,
2,100,rbf_krr,structure+,cv,0.5066318279607903,0.7424110221972103,0.1215942770136888,100,63.0,"{""regressor__model__alpha"": 0.1, ""regressor__model__gamma"": 0.005966561622959206}",1.21,yeo_johnson,B,,,,,
2,100,ridge,all_legal,cv,0.6378911168108715,0.8664856861580983,0.16872144523381738,100,15.0,"{""regressor__model__alpha"": 31.622776601683793}",3.29,yeo_johnson,B,,,,,
2,100,rbf_krr,all_legal,cv,0.6162722130847612,0.8534986544306499,0.1364456572298522,100,63.0,"{""regressor__model__alpha"": 0.1, ""regressor__model__gamma"": 0.0016820625851959464}",3.35,yeo_johnson,B,,,,,
2,300,ridge,structure+,cv,0.5703015145397035,0.8486885416149076,0.03402439388632805,300,15.0,"{""regressor__model__alpha"": 31.622776601683793}",0.97,yeo_johnson,B,,,,,
2,300,rbf_krr,structure+,cv,0.536045804028602,0.8408975042515661,0.05478079167325507,300,63.0,"{""regressor__model__alpha"": 0.1, ""regressor__model__gamma"": 0.005966561622959206}",1.33,yeo_johnson,B,,,,,
2,300,ridge,all_legal,cv,0.5901631758863105,0.9032603510883805,0.06797190384037538,300,15.0,"{""regressor__model__alpha"": 31.622776601683793}",3.88,yeo_johnson,B,,,,,
2,300,rbf_krr,all_legal,cv,0.5439096846001147,0.8528844998316072,0.08769987279121343,300,63.0,"{""regressor__model__alpha"": 0.01, ""regressor__model__gamma"": 0.0016820625851959464}",4.29,yeo_johnson,B,,,,,
2,1000,ridge,structure+,cv,0.4855322769495666,0.6916374525770056,0.03258577658122159,1000,15.0,"{""regressor__model__alpha"": 0.0001}",1.24,yeo_johnson,B,,,,,
2,1000,rbf_krr,structure+,cv,0.45944565488563827,0.6794120642992121,0.028055129341592957,1000,63.0,"{""regressor__model__alpha"": 0.01, ""regressor__model__gamma"": 0.0005966561622959206}",3.62,yeo_johnson,B,,,,,
2,1000,ridge,all_legal,cv,0.4864656956382257,0.7083604810942103,0.0239077307932327,1000,15.0,"{""regressor__model__alpha"": 31.622776601683793}",4.55,yeo_johnson,B,,,,,
2,1000,rbf_krr,all_legal,cv,0.45516701631312617,0.6884509417840856,0.02354183999355742,1000,63.0,"{""regressor__model__alpha"": 0.01, ""regressor__model__gamma"": 0.0005319148936170213}",8.16,yeo_johnson,B,,,,,
0,100,ridge,structure+,cv,0.7271297311799312,0.9789081166039412,0.1034806945822995,100,15.0,"{""regressor__model__alpha"": 100.0}",0.12,quantile_normal,B,,,,,
0,100,rbf_krr,structure+,cv,0.7112112381545181,0.9768679951702132,0.13737657497829,100,63.0,"{""regressor__model__alpha"": 0.01, ""regressor__model__gamma"": 0.00018867924528301886}",0.31,quantile_normal,B,,,,,
0,100,ridge,all_legal,cv,0.7543444401675569,1.0044299823558704,0.14343132261870473,100,15.0,"{""regressor__model__alpha"": 100.0}",0.26,quantile_normal,B,,,,,
0,100,rbf_krr,all_legal,cv,0.7630813671875457,1.0111612277968103,0.14988652454142073,100,63.0,"{""regressor__model__alpha"": 0.01, ""regressor__model__gamma"": 5.319148936170213e-05}",0.49,quantile_normal,B,,,,,
0,300,ridge,structure+,cv,0.5425795462074502,0.8050887430882151,0.06101192688491296,300,15.0,"{""regressor__model__alpha"": 31.622776601683793}",0.14,quantile_normal,B,,,,,
0,300,rbf_krr,structure+,cv,0.5137140323172851,0.7818509144746628,0.0818169318665233,300,63.0,"{""regressor__model__alpha"": 0.01, ""regressor__model__gamma"": 0.00018867924528301886}",0.45,quantile_normal,B,,,,,
0,300,ridge,all_legal,cv,0.5581135307079792,0.8113194968917404,0.043031287647809426,300,15.0,"{""regressor__model__alpha"": 31.622776601683793}",0.3,quantile_normal,B,,,,,
0,300,rbf_krr,all_legal,cv,0.5326797527827775,0.799816620524932,0.05320148873806212,300,63.0,"{""regressor__model__alpha"": 0.01, ""regressor__model__gamma"": 0.00016820625851959463}",0.83,quantile_normal,B,,,,,
0,1000,ridge,structure+,cv,0.5116555768557498,0.7418195985942535,0.02707951576309896,1000,15.0,"{""regressor__model__alpha"": 31.622776601683793}",0.2,quantile_normal,B,,,,,
0,1000,rbf_krr,structure+,cv,0.47974129930789816,0.7153295520275725,0.029124746461472225,1000,63.0,"{""regressor__model__alpha"": 0.01, ""regressor__model__gamma"": 0.00018867924528301886}",3.27,quantile_normal,B,,,,,
0,1000,ridge,all_legal,cv,0.5029057924678559,0.7277355792101751,0.020636573221449305,1000,15.0,"{""regressor__model__alpha"": 100.0}",0.71,quantile_normal,B,,,,,
0,1000,rbf_krr,all_legal,cv,0.4783081441120015,0.7075159992300709,0.031187915199751892,1000,63.0,"{""regressor__model__alpha"": 0.01, ""regressor__model__gamma"": 0.00016820625851959463}",3.74,quantile_normal,B,,,,,
1,100,ridge,structure+,cv,0.8566405765373385,1.1129732856343888,0.1516606125107272,100,15.0,"{""regressor__model__alpha"": 100.0}",0.13,quantile_normal,B,,,,,
1,100,rbf_krr,structure+,cv,0.8236499685399832,1.0560563621494057,0.08148939799932935,100,63.0,"{""regressor__model__alpha"": 0.01, ""regressor__model__gamma"": 0.00018867924528301886}",0.36,quantile_normal,B,,,,,
1,100,ridge,all_legal,cv,0.9922227104273443,1.2313548277231818,0.07246302703409178,100,15.0,"{""regressor__model__alpha"": 100.0}",0.26,quantile_normal,B,,,,,
1,100,rbf_krr,all_legal,cv,0.9324447304878415,1.1949184405892357,0.10460097238309643,100,63.0,"{""regressor__model__alpha"": 0.01, ""regressor__model__gamma"": 0.00016820625851959463}",0.44,quantile_normal,B,,,,,
1,300,ridge,structure+,cv,0.653235518659896,1.0053292136454435,0.07916212754105205,300,15.0,"{""regressor__model__alpha"": 31.622776601683793}",0.15,quantile_normal,B,,,,,
1,300,rbf_krr,structure+,cv,0.6054412333285447,0.9656642545745366,0.09014450963285894,300,63.0,"{""regressor__model__alpha"": 0.01, ""regressor__model__gamma"": 0.00018867924528301886}",0.54,quantile_normal,B,,,,,
1,300,ridge,all_legal,cv,0.7040446335110766,1.0602708532512242,0.08602011786872021,300,15.0,"{""regressor__model__alpha"": 100.0}",0.29,quantile_normal,B,,,,,
1,300,rbf_krr,all_legal,cv,0.6684544864515339,1.0493872151460326,0.12165504964475021,300,63.0,"{""regressor__model__alpha"": 0.01, ""regressor__model__gamma"": 0.00016820625851959463}",0.7,quantile_normal,B,,,,,
1,1000,ridge,structure+,cv,0.5335865084690802,0.7716543513809712,0.025835390436107747,1000,15.0,"{""regressor__model__alpha"": 10.0}",0.24,quantile_normal,B,,,,,
1,1000,rbf_krr,structure+,cv,0.4815991653961545,0.7158833295071351,0.022344006521130548,1000,63.0,"{""regressor__model__alpha"": 0.01, ""regressor__model__gamma"": 0.00018867924528301886}",2.82,quantile_normal,B,,,,,
1,1000,ridge,all_legal,cv,0.53714443274691,0.7874392798176107,0.03541727383440947,1000,15.0,"{""regressor__model__alpha"": 31.622776601683793}",0.61,quantile_normal,B,,,,,
1,1000,rbf_krr,all_legal,cv,0.49889021987755827,0.745709281493594,0.030395056132288854,1000,63.0,"{""regressor__model__alpha"": 0.01, ""regressor__model__gamma"": 0.00016820625851959463}",3.98,quantile_normal,B,,,,,
2,100,ridge,structure+,cv,0.6341330216367939,0.8824771715386871,0.14940763742926472,100,15.0,"{""regressor__model__alpha"": 31.622776601683793}",0.14,quantile_normal,B,,,,,
2,100,rbf_krr,structure+,cv,0.6157446599864033,0.8727658393293929,0.1546331481973417,100,63.0,"{""regressor__model__alpha"": 0.01, ""regressor__model__gamma"": 0.00018867924528301886}",0.31,quantile_normal,B,,,,,
2,100,ridge,all_legal,cv,0.7124231273592129,0.944135345364341,0.15816927420430013,100,15.0,"{""regressor__model__alpha"": 100.0}",0.24,quantile_normal,B,,,,,
2,100,rbf_krr,all_legal,cv,0.6982931193447116,0.9413488337155675,0.12666986280303413,100,63.0,"{""regressor__model__alpha"": 0.1, ""regressor__model__gamma"": 0.0005319148936170213}",0.56,quantile_normal,B,,,,,
2,300,ridge,structure+,cv,0.5832265858342592,0.8761394273518799,0.04446460597388087,300,15.0,"{""regressor__model__alpha"": 31.622776601683793}",0.14,quantile_normal,B,,,,,
2,300,rbf_krr,structure+,cv,0.569726782754396,0.8809715499558679,0.04436964834386601,300,63.0,"{""regressor__model__alpha"": 0.01, ""regressor__model__gamma"": 0.00018867924528301886}",0.47,quantile_normal,B,,,,,
2,300,ridge,all_legal,cv,0.6303221014566492,0.9428186312835787,0.06497021258600351,300,15.0,"{""regressor__model__alpha"": 100.0}",0.32,quantile_normal,B,,,,,
2,300,rbf_krr,all_legal,cv,0.6031788835881422,0.9555419730516652,0.09735769323291109,300,63.0,"{""regressor__model__alpha"": 0.0001, ""regressor__model__gamma"": 0.0005319148936170213}",0.76,quantile_normal,B,,,,,
2,1000,ridge,structure+,cv,0.4840646068847157,0.6888394123655672,0.03189354775672858,1000,15.0,"{""regressor__model__alpha"": 10.0}",0.18,quantile_normal,B,,,,,
2,1000,rbf_krr,structure+,cv,0.46084991797369507,0.6836272823352525,0.037455596466228286,1000,63.0,"{""regressor__model__alpha"": 0.01, ""regressor__model__gamma"": 0.00018867924528301886}",2.72,quantile_normal,B,,,,,
2,1000,ridge,all_legal,cv,0.49313836088814383,0.7142086405682634,0.03330315374596826,1000,15.0,"{""regressor__model__alpha"": 31.622776601683793}",0.59,quantile_normal,B,,,,,
2,1000,rbf_krr,all_legal,cv,0.4750993869299934,0.7179605527472668,0.03576715836036881,1000,63.0,"{""regressor__model__alpha"": 0.01, ""regressor__model__gamma"": 0.00016820625851959463}",3.72,quantile_normal,B,,,,,
0,3000,rbf_krr,structure+,dev,0.4007109209217982,0.6429808469084903,,5000,,,,standard,A,0.5767222592506195,0.8213850743361255,-0.0014840230170125239,9.2,"{""params"": {""regressor__model__alpha"": 0.01, ""regressor__model__gamma"": 0.005966561622959206}, ""tuning"": ""holdout"", ""tuning_mae_D"": 0.39667476787415895}"
0,3000,rbf_krr,all_legal,dev,0.3914607492166122,0.6356819608627285,,5000,,,,standard,A,0.5713715629606952,0.825417202154815,0.0031242627387613724,10.0,"{""params"": {""regressor__model__alpha"": 0.01, ""regressor__model__gamma"": 0.0016820625851959464}, ""tuning"": ""holdout"", ""tuning_mae_D"": 0.3866612257957811}"
0,10000,ridge,structure+,dev,0.506981956739071,0.7398994356651175,,5000,,,,standard,A,0.6987500252334531,0.763480437717595,0.01879549697433399,0.2,"{""params"": {""regressor__model__alpha"": 0.0001}, ""tuning"": ""holdout"", ""tuning_mae_D"": 0.4592557746244092}"
0,10000,ridge,all_legal,dev,0.4564265473765241,0.6885445358072041,,5000,,,,standard,A,0.6450336217359548,0.7951736873689919,0.020166043874051177,0.7,"{""params"": {""regressor__model__alpha"": 0.1}, ""tuning"": ""holdout"", ""tuning_mae_D"": 0.4197784963329717}"
0,99198,ridge,structure+,dev,0.5060193448190301,0.7375795554417321,,5000,,,,standard,A,0.695691373779853,0.7649612791302942,0.010515986779595058,1.9,"{""params"": {""regressor__model__alpha"": 0.0001}, ""tuning"": ""holdout"", ""tuning_mae_D"": 0.4913494306662928}"
0,99198,ridge,all_legal,dev,0.4525175613303714,0.68187491415885,,5000,,,,standard,A,0.6316584361792434,0.7991225896455475,0.011512709591185038,6.4,"{""params"": {""regressor__model__alpha"": 0.0001}, ""tuning"": ""holdout"", ""tuning_mae_D"": 0.4420427498023429}"
0,3000,rbf_krr,structure+,dev,0.41913605272302373,0.6551020327844934,,5000,,,,robust,A,0.6090004707370461,0.8145872614276252,-0.007389299806650567,8.3,"{""params"": {""regressor__model__alpha"": 0.01, ""regressor__model__gamma"": 0.018867924528301886}, ""tuning"": ""holdout"", ""tuning_mae_D"": 0.40455885375617423}"
0,3000,rbf_krr,all_legal,dev,0.6393947343009673,1.0922138375136188,,5000,,,,robust,A,0.9650503003983447,0.48460877114984025,-0.06125128598587523,11.3,"{""params"": {""regressor__model__alpha"": 1e-05, ""regressor__model__gamma"": 5.319148936170213e-05}, ""tuning"": ""holdout"", ""tuning_mae_D"": 0.7374551912819651}"
0,10000,ridge,structure+,dev,0.5066598749704779,0.7389380327042786,,5000,,,,robust,A,0.6987500699236584,0.7640946911263153,0.018473449771529052,0.2,"{""params"": {""regressor__model__alpha"": 0.0001}, ""tuning"": ""holdout"", ""tuning_mae_D"": 0.459255937117126}"
0,10000,ridge,all_legal,dev,0.45494595109512104,0.684500425174484,,5000,,,,robust,A,0.6404325065512366,0.7975726830215324,0.02134962922582923,0.6,"{""params"": {""regressor__model__alpha"": 0.1}, ""tuning"": ""holdout"", ""tuning_mae_D"": 0.4194539794017643}"
0,99198,ridge,structure+,dev,0.505891599157,0.7392504112145017,,5000,,,,robust,A,0.6949456238611206,0.7638951958455344,0.010076111188052636,1.5,"{""params"": {""regressor__model__alpha"": 10.0}, ""tuning"": ""holdout"", ""tuning_mae_D"": 0.4913147303021835}"
0,99198,ridge,all_legal,dev,0.4525819652992148,0.6820154861187872,,5000,,,,robust,A,0.6317867467265094,0.7990397573214079,0.011322641857119304,6.1,"{""params"": {""regressor__model__alpha"": 0.0031622776601683794}, ""tuning"": ""holdout"", ""tuning_mae_D"": 0.441891524665835}"
0,3000,rbf_krr,structure+,dev,0.39963892432825754,0.6433450486623375,,5000,,,,log_standard,A,0.5729560835663362,0.8211826723732285,0.002175405299823008,7.7,"{""params"": {""regressor__model__alpha"": 0.01, ""regressor__model__gamma"": 0.005966561622959206}, ""tuning"": ""holdout"", ""tuning_mae_D"": 0.3900474315045525}"
0,3000,rbf_krr,all_legal,dev,0.38836980276559524,0.6309347145015085,,5000,,,,log_standard,A,0.5661070467971582,0.8280150197026115,0.00303290261179025,8.2,"{""params"": {""regressor__model__alpha"": 0.01, ""regressor__model__gamma"": 0.0016820625851959464}, ""tuning"": ""holdout"", ""tuning_mae_D"": 0.3874275941065022}"
0,10000,ridge,structure+,dev,0.4923844800187185,0.7390558370147271,,5000,,,,log_standard,A,0.6907273789332855,0.7640194672881598,0.015628110960332245,0.3,"{""params"": {""regressor__model__alpha"": 31.622776601683793}, ""tuning"": ""holdout"", ""tuning_mae_D"": 0.4519267356510304}"
0,10000,ridge,all_legal,dev,0.45061480538171,0.6818318800433535,,5000,,,,log_standard,A,0.6367773611826999,0.7991479441752781,0.026266453591715373,0.9,"{""params"": {""regressor__model__alpha"": 0.0001}, ""tuning"": ""holdout"", ""tuning_mae_D"": 0.41051082719706955}"
0,99198,ridge,structure+,dev,0.49118902264283804,0.7370394831396979,,5000,,,,log_standard,A,0.6856967475444099,0.7653053543658956,0.010297190064806233,2.2,"{""params"": {""regressor__model__alpha"": 1.0}, ""tuning"": ""holdout"", ""tuning_mae_D"": 0.4791603501083542}"
0,99198,ridge,all_legal,dev,0.4459876006781458,0.6777396198419684,,5000,,,,log_standard,A,0.6265939578806465,0.8015516812751307,0.01562964325956284,8.2,"{""params"": {""regressor__model__alpha"": 0.1}, ""tuning"": ""holdout"", ""tuning_mae_D"": 0.43900635571612984}"
0,3000,rbf_krr,structure+,dev,0.4029213912734596,0.6606807198929928,,5000,,,,yeo_johnson,A,0.5800001910413851,0.8114159574837767,0.004870086666849301,9.5,"{""params"": {""regressor__model__alpha"": 0.01, ""regressor__model__gamma"": 0.005966561622959206}, ""tuning"": ""holdout"", ""tuning_mae_D"": 0.3918060616492347}"
0,3000,rbf_krr,all_legal,dev,0.3892181936444494,0.6272193209746458,,5000,,,,yeo_johnson,A,0.5683036829455183,0.8300345962069064,0.009289913787590833,17.2,"{""params"": {""regressor__model__alpha"": 0.001, ""regressor__model__gamma"": 0.0005319148936170213}, ""tuning"": ""holdout"", ""tuning_mae_D"": 0.39239288404173456}"
0,10000,ridge,structure+,dev,0.507320550491587,0.753834684528336,,5000,,,,yeo_johnson,A,0.7027393734953379,0.7544873318751262,0.013516578109372929,3.9,"{""params"": {""regressor__model__alpha"": 1.0}, ""tuning"": ""holdout"", ""tuning_mae_D"": 0.4629071975184569}"
0,10000,ridge,all_legal,dev,0.4692471940012172,0.7025365701127312,,5000,,,,yeo_johnson,A,0.6552519868146451,0.7867644814436585,0.0191741622330173,17.4,"{""params"": {""regressor__model__alpha"": 0.1}, ""tuning"": ""holdout"", ""tuning_mae_D"": 0.4287387671194148}"
0,99198,ridge,structure+,dev,0.5067920473851042,0.7548635558322707,,5000,,,,yeo_johnson,A,0.7011598322345544,0.7538166985774666,0.008936909329327114,47.9,"{""params"": {""regressor__model__alpha"": 0.0001}, ""tuning"": ""holdout"", ""tuning_mae_D"": 0.49018407023003857}"
0,99198,ridge,all_legal,dev,0.4651008857139638,0.6987821301678624,,5000,,,,yeo_johnson,A,0.6470797923725657,0.7890375040441128,0.011275659168598576,181.3,"{""params"": {""regressor__model__alpha"": 3.1622776601683795}, ""tuning"": ""holdout"", ""tuning_mae_D"": 0.45100585857756187}"
0,3000,rbf_krr,structure+,dev,0.4227840312980049,0.6776725454147325,,5000,,,,quantile_normal,A,0.6183123744887123,0.8015909593348863,0.011428410395738024,9.6,"{""params"": {""regressor__model__alpha"": 0.001, ""regressor__model__gamma"": 0.0005966561622959206}, ""tuning"": ""holdout"", ""tuning_mae_D"": 0.41614022804388373}"
0,3000,rbf_krr,all_legal,dev,0.4222724374223096,0.6761834336476839,,5000,,,,quantile_normal,A,0.6179378976780502,0.8024619659174939,0.004554402378894778,11.4,"{""params"": {""regressor__model__alpha"": 0.0001, ""regressor__model__gamma"": 5.319148936170213e-05}, ""tuning"": ""holdout"", ""tuning_mae_D"": 0.4009244683384485}"
0,10000,ridge,structure+,dev,0.49409317519634394,0.7402706469792939,,5000,,,,quantile_normal,A,0.6904480597048224,0.7632430520463891,0.01805911058701443,0.5,"{""params"": {""regressor__model__alpha"": 0.0001}, ""tuning"": ""holdout"", ""tuning_mae_D"": 0.44796483490541233}"
0,10000,ridge,all_legal,dev,0.4662040473357315,0.7107938377960641,,5000,,,,quantile_normal,A,0.6609326724164064,0.7817224942168044,0.026339196042677572,1.7,"{""params"": {""regressor__model__alpha"": 31.622776601683793}, ""tuning"": ""holdout"", ""tuning_mae_D"": 0.43128411178055864}"
0,99198,ridge,structure+,dev,0.49226759023785954,0.7442459063674389,,5000,,,,quantile_normal,A,0.6884309686690452,0.76069345122151,0.01211979154894073,3.6,"{""params"": {""regressor__model__alpha"": 1000.0}, ""tuning"": ""holdout"", ""tuning_mae_D"": 0.4775510580144219}"
0,99198,ridge,all_legal,dev,0.46374754212863684,0.7058378511736142,,5000,,,,quantile_normal,A,0.6521001568795084,0.784755748030277,0.01700824791774957,13.4,"{""params"": {""regressor__model__alpha"": 100.0}, ""tuning"": ""holdout"", ""tuning_mae_D"": 0.44908426726311035}"
