seed,n_train,model,eval_set,mae_D,rmse_D,rmse_below_tail_D,r2,bias_D,n_eval,fit_seconds,details,cv_mae_D,features
0,3000,rbf_krr,dev,0.47076289501793533,0.7454166250501613,0.6726611306026237,0.7599399878964355,-0.021017672683190002,5000,18.6,"{""params"": {""regressor__model__alpha"": 0.001, ""regressor__model__gamma"": 0.003162277660168379}, ""tuning"": ""holdout"", ""tuning_mae_D"": 0.44197034029405313}",0.44197034029405313,pls10
0,3000,rbf_krr,dev_unseen,0.7212338633866776,1.015586327821514,0.9563806866295612,0.6139595034898792,-0.10710886861454895,4183,18.6,"{""params"": {""regressor__model__alpha"": 0.001, ""regressor__model__gamma"": 0.003162277660168379}, ""tuning"": ""holdout"", ""tuning_mae_D"": 0.44197034029405313}",0.44197034029405313,pls10
0,3000,qkrr,dev,0.4694467836078734,0.7454796147063377,0.6836261542916564,0.7598994147833319,-0.022100870963203137,5000,39.9,"{""params"": {""alpha"": 0.001, ""gamma"": 0.02}, ""tuning"": ""holdout"", ""tuning_mae_D"": 0.46455470493320755, ""n_candidates"": 88, ""grid_edge"": [""embedding""], ""n_inputs"": 10, ""n_qubits"": 10, ""fit_seconds"": 39.95, ""offdiag_mean"": 0.798381482572933, ""offdiag_sd"": 0.13420298616591325, ""alignment"": 0.33155219278900494, ""effective_df"": 288.04172931300167, ""kernel_participation_ratio"": 1.5254639005864308}",0.46455470493320755,pls10
0,3000,qkrr,dev_unseen,0.738439360435074,1.0264990819080357,0.9722891250060196,0.6056187085254925,-0.08263723311191212,4183,39.9,"{""params"": {""alpha"": 0.001, ""gamma"": 0.02}, ""tuning"": ""holdout"", ""tuning_mae_D"": 0.46455470493320755, ""n_candidates"": 88, ""grid_edge"": [""embedding""], ""n_inputs"": 10, ""n_qubits"": 10, ""fit_seconds"": 39.95, ""offdiag_mean"": 0.798381482572933, ""offdiag_sd"": 0.13420298616591325, ""alignment"": 0.33155219278900494, ""effective_df"": 288.04172931300167, ""kernel_participation_ratio"": 1.5254639005864308}",0.46455470493320755,pls10
0,10000,rbf_krr,dev,0.43930119512288984,0.6916799375027325,0.6446515458701907,0.7933040189725616,-0.02197287070395346,5000,183.4,"{""params"": {""regressor__model__alpha"": 0.1, ""regressor__model__gamma"": 0.03162277660168379}, ""tuning"": ""holdout"", ""tuning_mae_D"": 0.4208228810256839}",0.4208228810256839,pls10
0,10000,rbf_krr,dev_unseen,0.696500063429103,0.9829272701603871,0.9353111778133613,0.6383887420953525,-0.14453139683792027,4183,183.4,"{""params"": {""regressor__model__alpha"": 0.1, ""regressor__model__gamma"": 0.03162277660168379}, ""tuning"": ""holdout"", ""tuning_mae_D"": 0.4208228810256839}",0.4208228810256839,pls10
0,10000,qkrr,dev,0.4470902186211766,0.7267730155568702,0.6783823168782693,0.7717980966627906,-0.018362589853264354,5000,689.7,"{""params"": {""alpha"": 0.001, ""gamma"": 0.02}, ""tuning"": ""holdout"", ""tuning_mae_D"": 0.4257722761030059, ""n_candidates"": 88, ""grid_edge"": [""embedding""], ""n_inputs"": 10, ""n_qubits"": 10, ""fit_seconds"": 689.69}",0.4257722761030059,pls10
0,10000,qkrr,dev_unseen,0.6963190253586405,0.9745231711145259,0.9304201363769122,0.6445459116294012,-0.09547521032894475,4183,689.7,"{""params"": {""alpha"": 0.001, ""gamma"": 0.02}, ""tuning"": ""holdout"", ""tuning_mae_D"": 0.4257722761030059, ""n_candidates"": 88, ""grid_edge"": [""embedding""], ""n_inputs"": 10, ""n_qubits"": 10, ""fit_seconds"": 689.69}",0.4257722761030059,pls10
1,3000,rbf_krr,dev,0.47293821179974,0.7473278995267489,0.6718794991223204,0.7587073650259528,-0.012768191384217508,5000,23.3,"{""params"": {""regressor__model__alpha"": 0.01, ""regressor__model__gamma"": 0.01}, ""tuning"": ""holdout"", ""tuning_mae_D"": 0.4490989830807591}",0.4490989830807591,pls10
1,3000,rbf_krr,dev_unseen,0.7209603772850385,1.037579257572661,0.9552344593635105,0.5970587433786446,0.02396698858821047,4183,23.3,"{""params"": {""regressor__model__alpha"": 0.01, ""regressor__model__gamma"": 0.01}, ""tuning"": ""holdout"", ""tuning_mae_D"": 0.4490989830807591}",0.4490989830807591,pls10
1,3000,qkrr,dev,0.4830523788846736,0.7705411269609556,0.6854836011232386,0.7434846716454908,-0.0163098712280863,5000,40.9,"{""params"": {""alpha"": 0.1, ""gamma"": 0.03556558820077846}, ""tuning"": ""holdout"", ""tuning_mae_D"": 0.4405742023087157, ""n_candidates"": 88, ""grid_edge"": [], ""n_inputs"": 10, ""n_qubits"": 10, ""fit_seconds"": 40.87, ""offdiag_mean"": 0.5290538673167631, ""offdiag_sd"": 0.20800379660855076, ""alignment"": 0.1942282626424136, ""effective_df"": 224.5572391492706, ""kernel_participation_ratio"": 3.0922493487101854}",0.4405742023087157,pls10
1,3000,qkrr,dev_unseen,0.7205989641534862,1.0538027792410307,0.9562357291016513,0.584359504839469,-0.03565774405524427,4183,40.9,"{""params"": {""alpha"": 0.1, ""gamma"": 0.03556558820077846}, ""tuning"": ""holdout"", ""tuning_mae_D"": 0.4405742023087157, ""n_candidates"": 88, ""grid_edge"": [], ""n_inputs"": 10, ""n_qubits"": 10, ""fit_seconds"": 40.87, ""offdiag_mean"": 0.5290538673167631, ""offdiag_sd"": 0.20800379660855076, ""alignment"": 0.1942282626424136, ""effective_df"": 224.5572391492706, ""kernel_participation_ratio"": 3.0922493487101854}",0.4405742023087157,pls10
2,3000,rbf_krr,dev,0.4608844462601418,0.733368059828911,0.6575634083287695,0.7676377050896827,-0.023501605343478216,5000,18.8,"{""params"": {""regressor__model__alpha"": 0.1, ""regressor__model__gamma"": 0.03162277660168379}, ""tuning"": ""holdout"", ""tuning_mae_D"": 0.4538816355602782}",0.4538816355602782,pls10
2,3000,rbf_krr,dev_unseen,0.7097002809426584,1.0091250291677745,0.9436027394160602,0.6188559623353764,-0.07735298736406532,4183,18.8,"{""params"": {""regressor__model__alpha"": 0.1, ""regressor__model__gamma"": 0.03162277660168379}, ""tuning"": ""holdout"", ""tuning_mae_D"": 0.4538816355602782}",0.4538816355602782,pls10
2,3000,qkrr,dev,0.4672843991648173,0.7414141791899365,0.6700497038854994,0.7625110270519868,-0.018849280844572214,5000,40.1,"{""params"": {""alpha"": 0.01, ""gamma"": 0.02}, ""tuning"": ""holdout"", ""tuning_mae_D"": 0.4444537659045424, ""n_candidates"": 88, ""grid_edge"": [""embedding""], ""n_inputs"": 10, ""n_qubits"": 10, ""fit_seconds"": 40.13, ""offdiag_mean"": 0.7975501930344157, ""offdiag_sd"": 0.13109443373514976, ""alignment"": 0.3101023746806057, ""effective_df"": 163.6438613453682, ""kernel_participation_ratio"": 1.5304850343897434}",0.4444537659045424,pls10
2,3000,qkrr,dev_unseen,0.7137505663774241,1.0043212579187704,0.9449309258883499,0.6224760704521719,-0.040519283301410344,4183,40.1,"{""params"": {""alpha"": 0.01, ""gamma"": 0.02}, ""tuning"": ""holdout"", ""tuning_mae_D"": 0.4444537659045424, ""n_candidates"": 88, ""grid_edge"": [""embedding""], ""n_inputs"": 10, ""n_qubits"": 10, ""fit_seconds"": 40.13, ""offdiag_mean"": 0.7975501930344157, ""offdiag_sd"": 0.13109443373514976, ""alignment"": 0.3101023746806057, ""effective_df"": 163.6438613453682, ""kernel_participation_ratio"": 1.5304850343897434}",0.4444537659045424,pls10
0,100,rbf_krr,dev,0.6806270850800956,1.0565021512574397,0.8983587850774372,0.5177608714266088,-0.16861243740075144,5000,14.8,"{""params"": {""regressor__model__alpha"": 0.1, ""regressor__model__gamma"": 0.003162277660168379}, ""tuning"": ""5-fold CV"", ""tuning_mae_D"": 0.7068518613104026}",0.7068518613104026,pls10
0,100,rbf_krr,dev_unseen,0.8765730424639407,1.2519391623162155,1.129446027490589,0.41336816923783803,-0.2817494359127437,4183,14.8,"{""params"": {""regressor__model__alpha"": 0.1, ""regressor__model__gamma"": 0.003162277660168379}, ""tuning"": ""5-fold CV"", ""tuning_mae_D"": 0.7068518613104026}",0.7068518613104026,pls10
0,100,qkrr,dev,0.6908219684715283,1.0668562406402307,0.9135424812331013,0.5082623307450356,-0.16089027223581592,5000,11.7,"{""params"": {""alpha"": 1.0, ""gamma"": 0.03556558820077846}, ""tuning"": ""5-fold CV"", ""tuning_mae_D"": 0.6987324534118641, ""n_candidates"": 88, ""grid_edge"": [], ""n_inputs"": 10, ""n_qubits"": 10, ""fit_seconds"": 11.68, ""offdiag_mean"": 0.5047251432999211, ""offdiag_sd"": 0.1980062231424005, ""alignment"": 0.3413207880958816, ""effective_df"": 16.474756081405122, ""kernel_participation_ratio"": 3.3221002566527815}",0.6987324534118641,pls10
0,100,qkrr,dev_unseen,0.9289096929546897,1.3110246974292776,1.1886035952823815,0.3566890843600711,-0.36525547168827915,4183,11.7,"{""params"": {""alpha"": 1.0, ""gamma"": 0.03556558820077846}, ""tuning"": ""5-fold CV"", ""tuning_mae_D"": 0.6987324534118641, ""n_candidates"": 88, ""grid_edge"": [], ""n_inputs"": 10, ""n_qubits"": 10, ""fit_seconds"": 11.68, ""offdiag_mean"": 0.5047251432999211, ""offdiag_sd"": 0.1980062231424005, ""alignment"": 0.3413207880958816, ""effective_df"": 16.474756081405122, ""kernel_participation_ratio"": 3.3221002566527815}",0.6987324534118641,pls10
0,300,rbf_krr,dev,0.5722946282831538,0.8702937027091305,0.7778946695557566,0.6727698159994803,-0.03789797136172185,5000,14.1,"{""params"": {""regressor__model__alpha"": 0.1, ""regressor__model__gamma"": 0.01}, ""tuning"": ""5-fold CV"", ""tuning_mae_D"": 0.4929680485231399}",0.4929680485231399,pls10
0,300,rbf_krr,dev_unseen,0.8054848575713986,1.1325915798218584,1.0573821295997459,0.5198843844616949,-0.13254407833807336,4183,14.1,"{""params"": {""regressor__model__alpha"": 0.1, ""regressor__model__gamma"": 0.01}, ""tuning"": ""5-fold CV"", ""tuning_mae_D"": 0.4929680485231399}",0.4929680485231399,pls10
0,300,qkrr,dev,0.5728994331579205,0.8755229632463527,0.7767792347778681,0.6688256009150699,-0.04243883539773302,5000,11.7,"{""params"": {""alpha"": 0.1, ""gamma"": 0.02}, ""tuning"": ""5-fold CV"", ""tuning_mae_D"": 0.5059880915504305, ""n_candidates"": 88, ""grid_edge"": [""embedding""], ""n_inputs"": 10, ""n_qubits"": 10, ""fit_seconds"": 11.75, ""offdiag_mean"": 0.7945052885277963, ""offdiag_sd"": 0.1284369407524467, ""alignment"": 0.35838148434080014, ""effective_df"": 33.586034470607686, ""kernel_participation_ratio"": 1.5410483210466643}",0.5059880915504305,pls10
0,300,qkrr,dev_unseen,0.8125921409657124,1.139435131324343,1.0645771783825497,0.5140647709018351,-0.1096516075796268,4183,11.7,"{""params"": {""alpha"": 0.1, ""gamma"": 0.02}, ""tuning"": ""5-fold CV"", ""tuning_mae_D"": 0.5059880915504305, ""n_candidates"": 88, ""grid_edge"": [""embedding""], ""n_inputs"": 10, ""n_qubits"": 10, ""fit_seconds"": 11.75, ""offdiag_mean"": 0.7945052885277963, ""offdiag_sd"": 0.1284369407524467, ""alignment"": 0.35838148434080014, ""effective_df"": 33.586034470607686, ""kernel_participation_ratio"": 1.5410483210466643}",0.5059880915504305,pls10
0,1000,rbf_krr,dev,0.5031972141639652,0.781301756097319,0.7137204538763862,0.7362701575372821,-0.011643032386981085,5000,22.6,"{""params"": {""regressor__model__alpha"": 0.1, ""regressor__model__gamma"": 0.01}, ""tuning"": ""5-fold CV"", ""tuning_mae_D"": 0.49401332989431673}",0.49401332989431673,pls10
0,1000,rbf_krr,dev_unseen,0.7416709203459898,1.0482497091763903,0.9847754961415,0.5887284428592467,-0.12445753663051165,4183,22.6,"{""params"": {""regressor__model__alpha"": 0.1, ""regressor__model__gamma"": 0.01}, ""tuning"": ""5-fold CV"", ""tuning_mae_D"": 0.49401332989431673}",0.49401332989431673,pls10
0,1000,qkrr,dev,0.5028652953122701,0.7843160187605223,0.7167747308662878,0.7342312923437695,-0.00918957847595297,5000,22.6,"{""params"": {""alpha"": 0.1, ""gamma"": 0.02}, ""tuning"": ""5-fold CV"", ""tuning_mae_D"": 0.4910173737199428, ""n_candidates"": 88, ""grid_edge"": [""embedding""], ""n_inputs"": 10, ""n_qubits"": 10, ""fit_seconds"": 22.62, ""offdiag_mean"": 0.797148408591378, ""offdiag_sd"": 0.12803618773283834, ""alignment"": 0.33138701729836345, ""effective_df"": 55.90023577278806, ""kernel_participation_ratio"": 1.5333025372299491}",0.4910173737199428,pls10
0,1000,qkrr,dev_unseen,0.7410039313974802,1.0489233861183667,0.980229228691381,0.5881996505444018,-0.13248870408339,4183,22.6,"{""params"": {""alpha"": 0.1, ""gamma"": 0.02}, ""tuning"": ""5-fold CV"", ""tuning_mae_D"": 0.4910173737199428, ""n_candidates"": 88, ""grid_edge"": [""embedding""], ""n_inputs"": 10, ""n_qubits"": 10, ""fit_seconds"": 22.62, ""offdiag_mean"": 0.797148408591378, ""offdiag_sd"": 0.12803618773283834, ""alignment"": 0.33138701729836345, ""effective_df"": 55.90023577278806, ""kernel_participation_ratio"": 1.5333025372299491}",0.4910173737199428,pls10
1,100,rbf_krr,dev,0.8152849259462182,1.1689538113348361,1.065954092284491,0.40964074361004243,0.09594427698970269,5000,9.4,"{""params"": {""regressor__model__alpha"": 0.1, ""regressor__model__gamma"": 0.03162277660168379}, ""tuning"": ""5-fold CV"", ""tuning_mae_D"": 0.8862437806218878}",0.8862437806218878,pls10
1,100,rbf_krr,dev_unseen,1.0650930078112195,1.4626612640135146,1.3896631396487962,0.19926890419728438,0.45568363231606507,4183,9.4,"{""params"": {""regressor__model__alpha"": 0.1, ""regressor__model__gamma"": 0.03162277660168379}, ""tuning"": ""5-fold CV"", ""tuning_mae_D"": 0.8862437806218878}",0.8862437806218878,pls10
1,100,qkrr,dev,0.8101113982311609,1.1633231922847538,1.0590603230554243,0.4153143336291365,0.06363354052913034,5000,9.0,"{""params"": {""alpha"": 0.1, ""gamma"": 0.03556558820077846}, ""tuning"": ""5-fold CV"", ""tuning_mae_D"": 0.9087924438889499, ""n_candidates"": 88, ""grid_edge"": [], ""n_inputs"": 10, ""n_qubits"": 10, ""fit_seconds"": 8.95, ""offdiag_mean"": 0.5018864029779608, ""offdiag_sd"": 0.19589946532906724, ""alignment"": 0.21503786054362825, ""effective_df"": 41.140076121989395, ""kernel_participation_ratio"": 3.362883026954838}",0.9087924438889499,pls10
1,100,qkrr,dev_unseen,1.076922770364219,1.4689250090113595,1.3986787177388813,0.19239606911812768,0.46185723214946284,4183,9.0,"{""params"": {""alpha"": 0.1, ""gamma"": 0.03556558820077846}, ""tuning"": ""5-fold CV"", ""tuning_mae_D"": 0.9087924438889499, ""n_candidates"": 88, ""grid_edge"": [], ""n_inputs"": 10, ""n_qubits"": 10, ""fit_seconds"": 8.95, ""offdiag_mean"": 0.5018864029779608, ""offdiag_sd"": 0.19589946532906724, ""alignment"": 0.21503786054362825, ""effective_df"": 41.140076121989395, ""kernel_participation_ratio"": 3.362883026954838}",0.9087924438889499,pls10
1,300,rbf_krr,dev,0.5959348799454974,0.9415078084131046,0.8195867050442335,0.617025791888436,0.0009620395042932927,5000,10.0,"{""params"": {""regressor__model__alpha"": 0.1, ""regressor__model__gamma"": 0.01}, ""tuning"": ""5-fold CV"", ""tuning_mae_D"": 0.6611131305338965}",0.6611131305338965,pls10
1,300,rbf_krr,dev_unseen,0.8713604437108585,1.2071912578966972,1.1197058541934088,0.4545545317998593,0.22851633909535846,4183,10.0,"{""params"": {""regressor__model__alpha"": 0.1, ""regressor__model__gamma"": 0.01}, ""tuning"": ""5-fold CV"", ""tuning_mae_D"": 0.6611131305338965}",0.6611131305338965,pls10
1,300,qkrr,dev,0.5979503502250069,0.9455568386479262,0.8214673015107254,0.6137246858678409,-0.007606679740371538,5000,11.4,"{""params"": {""alpha"": 0.1, ""gamma"": 0.02}, ""tuning"": ""5-fold CV"", ""tuning_mae_D"": 0.6703860165137164, ""n_candidates"": 88, ""grid_edge"": [""embedding""], ""n_inputs"": 10, ""n_qubits"": 10, ""fit_seconds"": 11.44, ""offdiag_mean"": 0.8092009287342995, ""offdiag_sd"": 0.1275109922763465, ""alignment"": 0.22846552062372613, ""effective_df"": 30.44995534952132, ""kernel_participation_ratio"": 1.4877373718108036}",0.6703860165137164,pls10
1,300,qkrr,dev_unseen,0.873515727850591,1.2104241047053501,1.1215536691613441,0.4516292244208323,0.28305162112505966,4183,11.4,"{""params"": {""alpha"": 0.1, ""gamma"": 0.02}, ""tuning"": ""5-fold CV"", ""tuning_mae_D"": 0.6703860165137164, ""n_candidates"": 88, ""grid_edge"": [""embedding""], ""n_inputs"": 10, ""n_qubits"": 10, ""fit_seconds"": 11.44, ""offdiag_mean"": 0.8092009287342995, ""offdiag_sd"": 0.1275109922763465, ""alignment"": 0.22846552062372613, ""effective_df"": 30.44995534952132, ""kernel_participation_ratio"": 1.4877373718108036}",0.6703860165137164,pls10
1,1000,rbf_krr,dev,0.49080921941639283,0.7639980196740559,0.7025139694314199,0.7478226131139272,-0.0059506844691748694,5000,15.2,"{""params"": {""regressor__model__alpha"": 0.01, ""regressor__model__gamma"": 0.01}, ""tuning"": ""5-fold CV"", ""tuning_mae_D"": 0.5222513562705576}",0.5222513562705576,pls10
1,1000,rbf_krr,dev_unseen,0.7385122008669929,1.0300082989542216,0.9673901584563229,0.6029176146565947,0.13732555955014325,4183,15.2,"{""params"": {""regressor__model__alpha"": 0.01, ""regressor__model__gamma"": 0.01}, ""tuning"": ""5-fold CV"", ""tuning_mae_D"": 0.5222513562705576}",0.5222513562705576,pls10
1,1000,qkrr,dev,0.49436617521270426,0.7732967242752069,0.7031998694005375,0.741646698710837,0.0011027701019906161,5000,21.7,"{""params"": {""alpha"": 0.01, ""gamma"": 0.02}, ""tuning"": ""5-fold CV"", ""tuning_mae_D"": 0.5235386850551466, ""n_candidates"": 88, ""grid_edge"": [""embedding""], ""n_inputs"": 10, ""n_qubits"": 10, ""fit_seconds"": 21.68, ""offdiag_mean"": 0.8013338418258972, ""offdiag_sd"": 0.14406493311927224, ""alignment"": 0.19553980365932636, ""effective_df"": 102.80963960867625, ""kernel_participation_ratio"": 1.507777704576085}",0.5235386850551466,pls10
1,1000,qkrr,dev_unseen,0.7345722207366535,1.0342967978641393,0.9653512432793954,0.5996041803604076,0.12503139165689453,4183,21.7,"{""params"": {""alpha"": 0.01, ""gamma"": 0.02}, ""tuning"": ""5-fold CV"", ""tuning_mae_D"": 0.5235386850551466, ""n_candidates"": 88, ""grid_edge"": [""embedding""], ""n_inputs"": 10, ""n_qubits"": 10, ""fit_seconds"": 21.68, ""offdiag_mean"": 0.8013338418258972, ""offdiag_sd"": 0.14406493311927224, ""alignment"": 0.19553980365932636, ""effective_df"": 102.80963960867625, ""kernel_participation_ratio"": 1.507777704576085}",0.5235386850551466,pls10
2,100,rbf_krr,dev,0.7185061692505035,1.1063909426678218,0.9624437409865388,0.4711422194442454,-0.22004191172981705,5000,9.4,"{""params"": {""regressor__model__alpha"": 1.0, ""regressor__model__gamma"": 0.03162277660168379}, ""tuning"": ""5-fold CV"", ""tuning_mae_D"": 0.6724415319695336}",0.6724415319695336,pls10
2,100,rbf_krr,dev_unseen,0.9861503363459831,1.3869445790166088,1.2632092000579995,0.2800250453543929,-0.31846356463041525,4183,9.4,"{""params"": {""regressor__model__alpha"": 1.0, ""regressor__model__gamma"": 0.03162277660168379}, ""tuning"": ""5-fold CV"", ""tuning_mae_D"": 0.6724415319695336}",0.6724415319695336,pls10
2,100,qkrr,dev,0.7346714439570589,1.122899338964187,0.9837647607548535,0.45524236373600535,-0.1988179563673893,5000,9.0,"{""params"": {""alpha"": 1.0, ""gamma"": 0.03556558820077846}, ""tuning"": ""5-fold CV"", ""tuning_mae_D"": 0.6651395104236216, ""n_candidates"": 88, ""grid_edge"": [], ""n_inputs"": 10, ""n_qubits"": 10, ""fit_seconds"": 8.97, ""offdiag_mean"": 0.5076092672918068, ""offdiag_sd"": 0.20334485975881023, ""alignment"": 0.2471896968775941, ""effective_df"": 16.31954844768331, ""kernel_participation_ratio"": 3.267694743515207}",0.6651395104236216,pls10
2,100,qkrr,dev_unseen,1.002960848435779,1.399084658397399,1.2794553062540621,0.26736584216968995,-0.24761608278437572,4183,9.0,"{""params"": {""alpha"": 1.0, ""gamma"": 0.03556558820077846}, ""tuning"": ""5-fold CV"", ""tuning_mae_D"": 0.6651395104236216, ""n_candidates"": 88, ""grid_edge"": [], ""n_inputs"": 10, ""n_qubits"": 10, ""fit_seconds"": 8.97, ""offdiag_mean"": 0.5076092672918068, ""offdiag_sd"": 0.20334485975881023, ""alignment"": 0.2471896968775941, ""effective_df"": 16.31954844768331, ""kernel_participation_ratio"": 3.267694743515207}",0.6651395104236216,pls10
2,300,rbf_krr,dev,0.5769995140025193,0.9159047438032946,0.7911840372185496,0.6375715420502379,-0.08447612367039475,5000,10.8,"{""params"": {""regressor__model__alpha"": 1.0, ""regressor__model__gamma"": 0.03162277660168379}, ""tuning"": ""5-fold CV"", ""tuning_mae_D"": 0.6173578086732202}",0.6173578086732202,pls10
2,300,rbf_krr,dev_unseen,0.8329383523930451,1.1935478218165747,1.0848059982055052,0.46681389457941613,-0.2506372265838885,4183,10.8,"{""params"": {""regressor__model__alpha"": 1.0, ""regressor__model__gamma"": 0.03162277660168379}, ""tuning"": ""5-fold CV"", ""tuning_mae_D"": 0.6173578086732202}",0.6173578086732202,pls10
2,300,qkrr,dev,0.5720759380215013,0.8901840389600576,0.791719346751417,0.6576413693524852,-0.04478526920030804,5000,12.0,"{""params"": {""alpha"": 0.1, ""gamma"": 0.02}, ""tuning"": ""5-fold CV"", ""tuning_mae_D"": 0.6302969363995917, ""n_candidates"": 88, ""grid_edge"": [""embedding""], ""n_inputs"": 10, ""n_qubits"": 10, ""fit_seconds"": 11.95, ""offdiag_mean"": 0.7917161467496164, ""offdiag_sd"": 0.12390212894840973, ""alignment"": 0.3042909936372766, ""effective_df"": 33.34355769395665, ""kernel_participation_ratio"": 1.5543421954404901}",0.6302969363995917,pls10
2,300,qkrr,dev_unseen,0.815343198978951,1.171664934688403,1.0714351572562488,0.4861858743657965,-0.1612815537631069,4183,12.0,"{""params"": {""alpha"": 0.1, ""gamma"": 0.02}, ""tuning"": ""5-fold CV"", ""tuning_mae_D"": 0.6302969363995917, ""n_candidates"": 88, ""grid_edge"": [""embedding""], ""n_inputs"": 10, ""n_qubits"": 10, ""fit_seconds"": 11.95, ""offdiag_mean"": 0.7917161467496164, ""offdiag_sd"": 0.12390212894840973, ""alignment"": 0.3042909936372766, ""effective_df"": 33.34355769395665, ""kernel_participation_ratio"": 1.5543421954404901}",0.6302969363995917,pls10
2,1000,rbf_krr,dev,0.49593397069530165,0.7786149387645542,0.7039909207428137,0.7380809189112396,-0.026706526143408058,5000,15.4,"{""params"": {""regressor__model__alpha"": 0.1, ""regressor__model__gamma"": 0.01}, ""tuning"": ""5-fold CV"", ""tuning_mae_D"": 0.47889689204029484}",0.47889689204029484,pls10
2,1000,rbf_krr,dev_unseen,0.7256105870657188,1.0414098398161669,0.9595297522869999,0.5940780577249551,-0.08526300008370608,4183,15.4,"{""params"": {""regressor__model__alpha"": 0.1, ""regressor__model__gamma"": 0.01}, ""tuning"": ""5-fold CV"", ""tuning_mae_D"": 0.47889689204029484}",0.47889689204029484,pls10
2,1000,qkrr,dev,0.49904884982775094,0.7803688832376262,0.70594856325826,0.7368995674493009,-0.028593737871333968,5000,21.9,"{""params"": {""alpha"": 0.1, ""gamma"": 0.02}, ""tuning"": ""5-fold CV"", ""tuning_mae_D"": 0.4783562600269845, ""n_candidates"": 88, ""grid_edge"": [""embedding""], ""n_inputs"": 10, ""n_qubits"": 10, ""fit_seconds"": 21.93, ""offdiag_mean"": 0.7975743813614018, ""offdiag_sd"": 0.1267559407754407, ""alignment"": 0.3253024006994992, ""effective_df"": 55.41398079063136, ""kernel_participation_ratio"": 1.5324736443923326}",0.4783562600269845,pls10
2,1000,qkrr,dev_unseen,0.7269292305165307,1.0412575472664272,0.9600147815598606,0.594196770579625,-0.04836414889438972,4183,21.9,"{""params"": {""alpha"": 0.1, ""gamma"": 0.02}, ""tuning"": ""5-fold CV"", ""tuning_mae_D"": 0.4783562600269845, ""n_candidates"": 88, ""grid_edge"": [""embedding""], ""n_inputs"": 10, ""n_qubits"": 10, ""fit_seconds"": 21.93, ""offdiag_mean"": 0.7975743813614018, ""offdiag_sd"": 0.1267559407754407, ""alignment"": 0.3253024006994992, ""effective_df"": 55.41398079063136, ""kernel_participation_ratio"": 1.5324736443923326}",0.4783562600269845,pls10
