track,seed,n_train,model,features,df,df_se,method
B,0,100,ridge,all_legal,40.06785468785281,0.0,exact tr(S)
B,0,100,rbf_krr,all_legal,42.986427300704406,0.0,exact tr(S)
B,0,100,rf,all_legal,64.14192613876321,2.151989974147745,Monte Carlo (Ye)
B,0,100,xgb,all_legal,99.52299530263015,4.839415516003405,Monte Carlo (Ye)
B,0,100,ridge,pls10,49.55772708190614,2.44669512882822,Monte Carlo (Ye)
B,0,100,rbf_krr,pls10,54.0921751524156,2.8930098016304098,Monte Carlo (Ye)
B,0,100,rf,pls10,70.84821835002556,2.635879468692752,Monte Carlo (Ye)
B,0,100,xgb,pls10,99.59428434174178,3.525546300509878,Monte Carlo (Ye)
B,0,300,ridge,all_legal,86.98147631075511,0.0,exact tr(S)
B,0,300,rbf_krr,all_legal,139.88893728422948,0.0,exact tr(S)
B,0,300,rf,all_legal,188.88472137183834,3.3138911835265272,Monte Carlo (Ye)
B,0,300,xgb,all_legal,250.8353226551171,5.318351488488437,Monte Carlo (Ye)
B,0,300,ridge,pls10,79.27474221078609,5.7589483336507445,Monte Carlo (Ye)
B,0,300,rbf_krr,pls10,95.95233097026167,6.50784694014715,Monte Carlo (Ye)
B,0,300,rf,pls10,192.8882690679032,3.9822600432394006,Monte Carlo (Ye)
B,0,300,xgb,pls10,220.6543874964853,5.877131328143459,Monte Carlo (Ye)
B,0,1000,ridge,all_legal,101.73433969518452,0.0,exact tr(S)
B,0,1000,rbf_krr,all_legal,615.9747583385548,0.0,exact tr(S)
B,0,1000,rf,all_legal,629.3035726838648,5.95098058452063,Monte Carlo (Ye)
B,0,1000,xgb,all_legal,858.0727850469532,10.111562932329907,Monte Carlo (Ye)
B,0,1000,ridge,pls10,78.62528062913363,7.805423896110659,Monte Carlo (Ye)
B,0,1000,rbf_krr,pls10,114.59867468334951,12.462880717828181,Monte Carlo (Ye)
B,0,1000,rf,pls10,651.0339625738802,8.113839627845465,Monte Carlo (Ye)
B,0,1000,xgb,pls10,396.17231145681535,20.173323999897455,Monte Carlo (Ye)
B,1,100,ridge,all_legal,42.12028820717708,0.0,exact tr(S)
B,1,100,rbf_krr,all_legal,53.783118402469896,0.0,exact tr(S)
B,1,100,rf,all_legal,64.11511197154975,1.7472614232567838,Monte Carlo (Ye)
B,1,100,xgb,all_legal,95.2956865481279,3.5798924176851217,Monte Carlo (Ye)
B,1,100,ridge,pls10,49.22395127971437,2.4881384192986635,Monte Carlo (Ye)
B,1,100,rbf_krr,pls10,71.65876200179484,2.631290495529551,Monte Carlo (Ye)
B,1,100,rf,pls10,72.32152530627795,3.1128324732357937,Monte Carlo (Ye)
B,1,100,xgb,pls10,99.6845676337218,4.311389614759902,Monte Carlo (Ye)
B,1,300,ridge,all_legal,66.71448602655852,0.0,exact tr(S)
B,1,300,rbf_krr,all_legal,139.7280959809861,0.0,exact tr(S)
B,1,300,rf,all_legal,187.28603460826426,3.52164342182313,Monte Carlo (Ye)
B,1,300,xgb,all_legal,296.2689675216676,5.550480721566992,Monte Carlo (Ye)
B,1,300,ridge,pls10,68.9116478417194,2.976072591054,Monte Carlo (Ye)
B,1,300,rbf_krr,pls10,88.64779590641714,4.732842957211425,Monte Carlo (Ye)
B,1,300,rf,pls10,208.00213279949634,3.7540276422962746,Monte Carlo (Ye)
B,1,300,xgb,pls10,212.41303350640948,4.6228567652569375,Monte Carlo (Ye)
B,1,1000,ridge,all_legal,97.94651200588608,0.0,exact tr(S)
B,1,1000,rbf_krr,all_legal,293.4609430032763,0.0,exact tr(S)
B,1,1000,rf,all_legal,624.0969961914939,6.2211123736174825,Monte Carlo (Ye)
B,1,1000,xgb,all_legal,862.4899866223891,12.707297408135931,Monte Carlo (Ye)
B,1,1000,ridge,pls10,80.04794950471114,8.337941839439269,Monte Carlo (Ye)
B,1,1000,rbf_krr,pls10,147.97126765858383,17.023229643514973,Monte Carlo (Ye)
B,1,1000,rf,pls10,651.6217091286014,6.8443415571653725,Monte Carlo (Ye)
B,1,1000,xgb,pls10,398.98315232350046,17.36961915780837,Monte Carlo (Ye)
B,2,100,ridge,all_legal,41.4235495744783,0.0,exact tr(S)
B,2,100,rbf_krr,all_legal,53.3529651201982,0.0,exact tr(S)
B,2,100,rf,all_legal,63.13672840849454,1.5488671541591794,Monte Carlo (Ye)
B,2,100,xgb,all_legal,97.98864174774933,3.038091528301159,Monte Carlo (Ye)
B,2,100,ridge,pls10,48.52331303289762,2.406377687925602,Monte Carlo (Ye)
B,2,100,rbf_krr,pls10,51.03494888950152,2.4340815831976212,Monte Carlo (Ye)
B,2,100,rf,pls10,71.1411435080159,2.355202802074792,Monte Carlo (Ye)
B,2,100,xgb,pls10,104.55063216495114,2.2051581875592006,Monte Carlo (Ye)
B,2,300,ridge,all_legal,70.84527363074902,0.0,exact tr(S)
B,2,300,rbf_krr,all_legal,233.67542481594379,0.0,exact tr(S)
B,2,300,rf,all_legal,194.08033925562967,3.014052328174941,Monte Carlo (Ye)
B,2,300,xgb,all_legal,293.39228223246926,7.230925673851446,Monte Carlo (Ye)
B,2,300,ridge,pls10,73.6142567225874,6.762551779246519,Monte Carlo (Ye)
B,2,300,rbf_krr,pls10,82.21689379360407,2.5855701897907837,Monte Carlo (Ye)
B,2,300,rf,pls10,207.70708450084834,4.783485047633217,Monte Carlo (Ye)
B,2,300,xgb,pls10,301.3666575577437,6.445836898872666,Monte Carlo (Ye)
B,2,1000,ridge,all_legal,103.51973942256913,0.0,exact tr(S)
B,2,1000,rbf_krr,all_legal,300.48495611843236,0.0,exact tr(S)
B,2,1000,rf,all_legal,626.1115649640662,7.408660781851834,Monte Carlo (Ye)
B,2,1000,xgb,all_legal,857.1746927987006,6.220762067808956,Monte Carlo (Ye)
B,2,1000,ridge,pls10,82.11000210805956,9.683114982688075,Monte Carlo (Ye)
B,2,1000,rbf_krr,pls10,113.52998534055965,13.876792636695322,Monte Carlo (Ye)
B,2,1000,rf,pls10,640.9333111913988,7.955219858971204,Monte Carlo (Ye)
B,2,1000,xgb,pls10,380.60330373116403,12.451661717669674,Monte Carlo (Ye)
A,0,100,ridge,all_legal,27.520761792196854,0.0,exact tr(S)
A,0,100,rbf_krr,all_legal,28.21284563532831,0.0,exact tr(S)
A,0,300,ridge,all_legal,85.00988359628352,0.0,exact tr(S)
A,0,300,rbf_krr,all_legal,137.8553073937602,0.0,exact tr(S)
A,0,1000,ridge,all_legal,99.16078542908481,0.0,exact tr(S)
A,0,1000,rbf_krr,all_legal,294.5336222020962,0.0,exact tr(S)
A,0,3000,ridge,all_legal,179.81174719300913,0.0,exact tr(S)
A,0,3000,rbf_krr,all_legal,1349.7062292973399,0.0,exact tr(S)
A,0,10000,ridge,all_legal,185.77608624898625,0.0,exact tr(S)
A,0,10000,rbf_krr,all_legal,2626.7506827385137,0.0,exact tr(S)
A,0,30000,ridge,all_legal,187.3490933971529,0.0,exact tr(S)
A,0,99198,ridge,all_legal,187.5028053961654,0.0,exact tr(S)
A,1,100,ridge,all_legal,42.616605088393925,0.0,exact tr(S)
A,1,100,rbf_krr,all_legal,45.458802818589646,0.0,exact tr(S)
A,1,300,ridge,all_legal,66.32654299353801,0.0,exact tr(S)
A,1,300,rbf_krr,all_legal,137.74328161154304,0.0,exact tr(S)
A,1,1000,ridge,all_legal,113.48758096218685,0.0,exact tr(S)
A,1,1000,rbf_krr,all_legal,291.6855460833871,0.0,exact tr(S)
A,1,3000,ridge,all_legal,139.3086102213207,0.0,exact tr(S)
A,1,3000,rbf_krr,all_legal,564.665468705387,0.0,exact tr(S)
A,1,10000,ridge,all_legal,186.81227405229754,0.0,exact tr(S)
A,1,10000,rbf_krr,all_legal,2997.2933899593477,0.0,exact tr(S)
A,1,30000,ridge,all_legal,184.6091778373874,0.0,exact tr(S)
A,1,99198,ridge,all_legal,187.99945944560233,0.0,exact tr(S)
A,2,100,ridge,all_legal,41.915717485505915,0.0,exact tr(S)
A,2,100,rbf_krr,all_legal,53.20904137584864,0.0,exact tr(S)
A,2,300,ridge,all_legal,70.69225335593362,0.0,exact tr(S)
A,2,300,rbf_krr,all_legal,141.46612351057593,0.0,exact tr(S)
A,2,1000,ridge,all_legal,100.61506547693325,0.0,exact tr(S)
A,2,1000,rbf_krr,all_legal,297.8150789983111,0.0,exact tr(S)
A,2,3000,ridge,all_legal,125.8690998551368,0.0,exact tr(S)
A,2,3000,rbf_krr,all_legal,1277.6563258200376,0.0,exact tr(S)
A,2,10000,ridge,all_legal,184.41301470659755,0.0,exact tr(S)
A,2,10000,rbf_krr,all_legal,3027.6191137521164,0.0,exact tr(S)
A,2,30000,ridge,all_legal,187.77568947313097,0.0,exact tr(S)
A,2,99198,ridge,all_legal,187.99945944560233,0.0,exact tr(S)
