kernel,k,gamma,offdiag_mean,offdiag_sd,alignment
fidelity (ZZ map),4,0.01,0.9806738602767611,0.023556872939392876,0.5900475322703098
fidelity (ZZ map),4,0.01794097966060169,0.9408193160932794,0.06622022552446548,0.5955341143747424
fidelity (ZZ map),4,0.03218787511821236,0.8346528533677644,0.1495220079752231,0.5739504636235104
fidelity (ZZ map),4,0.05774820128138352,0.6165606231109775,0.24269108652973895,0.4759739839294559
fidelity (ZZ map),4,0.10360593046256342,0.3305067936096425,0.2650644583801679,0.33783416297334606
fidelity (ZZ map),4,0.18587918911465637,0.14092635208172952,0.18388208414559576,0.16461807420356891
fidelity (ZZ map),4,0.3334854751235185,0.08386900410051853,0.1103867113278975,0.037895870399782317
fidelity (ZZ map),4,0.5983056126297137,0.07883689517849429,0.08574643156092773,0.02537112361747157
fidelity (ZZ map),4,1.0734188827013527,0.07508680030679928,0.07953705556773057,0.021637347268200616
fidelity (ZZ map),4,1.9258186341850763,0.07623617361359188,0.08099853924252738,0.02206446385193369
fidelity (ZZ map),4,3.455107294592218,0.07791175967164427,0.08294771982409507,0.027884033550604627
fidelity (ZZ map),4,6.198800969747553,0.07630923108831192,0.08132623747608199,0.020628660582906078
fidelity (ZZ map),4,11.121256211835888,0.07586355090410091,0.08106218699203911,0.024149934335454627
fidelity (ZZ map),4,19.952623149688797,0.07552421364506258,0.08066032356909653,0.024167564953808594
projected (ZZ map),4,0.01,0.9947663313184691,0.006463033530647402,0.6072293330539698
projected (ZZ map),4,0.01794097966060169,0.9841470960020736,0.017210947530817367,0.6246445919005681
projected (ZZ map),4,0.03218787511821236,0.9552151846225219,0.042541560846744556,0.6231302046109634
projected (ZZ map),4,0.05774820128138352,0.8893265375466812,0.09227968750402907,0.5769436950904506
projected (ZZ map),4,0.10360593046256342,0.7918876402291426,0.13519959102332874,0.44108247187520944
projected (ZZ map),4,0.18587918911465637,0.6991179306928356,0.14434497111046712,0.14790697290107205
projected (ZZ map),4,0.3334854751235185,0.6403357477517279,0.134713623349166,0.023965208445385265
projected (ZZ map),4,0.5983056126297137,0.6328217940957667,0.12170890366936717,0.012026327632812832
projected (ZZ map),4,1.0734188827013527,0.646162288598702,0.12402820534510672,0.008031787398514435
projected (ZZ map),4,1.9258186341850763,0.6349237854798225,0.12396989088009834,0.011189167500690343
projected (ZZ map),4,3.455107294592218,0.6284990886249047,0.12506046153096634,0.01416833045829502
projected (ZZ map),4,6.198800969747553,0.6347737448866547,0.12577581499535775,0.007873958868271967
projected (ZZ map),4,11.121256211835888,0.6342590432635743,0.12363269361309728,0.006125861019563936
projected (ZZ map),4,19.952623149688797,0.6375608791438441,0.1252783973196278,0.00688971354322407
fidelity (ZZ map),10,0.01,0.9404946077841099,0.04754481934035299,0.35282742243172777
fidelity (ZZ map),10,0.01794097966060169,0.8271412407661649,0.11298620958001444,0.34439929877327113
fidelity (ZZ map),10,0.03218787511821236,0.574223253485329,0.184960924507485,0.3143231948290725
fidelity (ZZ map),10,0.05774820128138352,0.22880838236142653,0.18092701565592997,0.24096098372440622
fidelity (ZZ map),10,0.10360593046256342,0.03947853156640159,0.07957180196414129,0.13635079674495798
fidelity (ZZ map),10,0.18587918911465637,0.004032104361403632,0.020766873827733817,0.06083622020460459
fidelity (ZZ map),10,0.3334854751235185,0.0012450105699813461,0.00629031159055097,0.046235954314436355
fidelity (ZZ map),10,0.5983056126297137,0.0013765186152369887,0.0035781348362766436,0.044800145472818804
fidelity (ZZ map),10,1.0734188827013527,0.0013685681796117097,0.0027970947286521755,0.04476082297046574
fidelity (ZZ map),10,1.9258186341850763,0.001399574551714742,0.00292047569026797,0.04449763663607965
fidelity (ZZ map),10,3.455107294592218,0.0013371798028326543,0.0027404411901203476,0.04470836160919817
fidelity (ZZ map),10,6.198800969747553,0.001317618930425998,0.002679368008844347,0.044707645001000655
fidelity (ZZ map),10,11.121256211835888,0.0013400513395032346,0.002786222675457904,0.044376227484461406
fidelity (ZZ map),10,19.952623149688797,0.0013318847481599862,0.0027308279881787787,0.04478479309871421
projected (ZZ map),10,0.01,0.9945169594873826,0.004333662051032453,0.4105721883557556
projected (ZZ map),10,0.01794097966060169,0.9833444443804297,0.011914797532462421,0.4172099777078675
projected (ZZ map),10,0.03218787511821236,0.9538975644860395,0.028197996232557934,0.42062130556580657
projected (ZZ map),10,0.05774820128138352,0.8951791521110823,0.052819636033249906,0.40735487038581025
projected (ZZ map),10,0.10360593046256342,0.8150988915017573,0.07885224694011678,0.2916763624604086
projected (ZZ map),10,0.18587918911465637,0.7337949464307654,0.08676853476255063,0.08110681220181816
projected (ZZ map),10,0.3334854751235185,0.6911612566720274,0.08391032721543425,0.025876580838261314
projected (ZZ map),10,0.5983056126297137,0.6750866815397804,0.07655903209252089,0.015360120806419441
projected (ZZ map),10,1.0734188827013527,0.6874161951470769,0.08190325785277353,0.0114957887177935
projected (ZZ map),10,1.9258186341850763,0.6755185004509567,0.07929545912421927,0.0116127659569167
projected (ZZ map),10,3.455107294592218,0.6770168455825001,0.08202422738199869,0.010280229718634902
projected (ZZ map),10,6.198800969747553,0.677796526143021,0.07870167807880646,0.012716476469189995
projected (ZZ map),10,11.121256211835888,0.6824212654362277,0.0801722339518853,0.010893997722241708
projected (ZZ map),10,19.952623149688797,0.6851683427256354,0.08084100132757005,0.011068560686683293
fidelity (ZZ map),16,0.01,0.9025496231680942,0.06098468313059619,0.27523117569460426
fidelity (ZZ map),16,0.01794097966060169,0.7290402477504037,0.12837969599606436,0.2653633806433677
fidelity (ZZ map),16,0.03218787511821236,0.3974241693730458,0.17223551842747212,0.2384634567996161
fidelity (ZZ map),16,0.05774820128138352,0.08833122754260084,0.10194124731888878,0.16120067802679627
fidelity (ZZ map),16,0.10360593046256342,0.005426705704366843,0.022371935657120482,0.07058346553434762
fidelity (ZZ map),16,0.18587918911465637,0.00016283829817720518,0.0032065460870209367,0.04594650711822014
fidelity (ZZ map),16,0.3334854751235185,2.0754579212268102e-05,0.000472777892413314,0.044814238518947516
fidelity (ZZ map),16,0.5983056126297137,2.3998024825674915e-05,0.00013744308904498333,0.044778296962845715
fidelity (ZZ map),16,1.0734188827013527,2.3799936619453772e-05,8.64467863799512e-05,0.04477261705747497
fidelity (ZZ map),16,1.9258186341850763,2.43234952747635e-05,8.19060649247871e-05,0.04476826509375902
fidelity (ZZ map),16,3.455107294592218,2.324406422749914e-05,7.759894953082429e-05,0.04477302253314967
fidelity (ZZ map),16,6.198800969747553,2.3660716621312215e-05,8.017133998001429e-05,0.04476639640353058
fidelity (ZZ map),16,11.121256211835888,2.4282525477235606e-05,8.15853668122123e-05,0.044764106842794874
fidelity (ZZ map),16,19.952623149688797,2.3797440920541712e-05,8.148328279819977e-05,0.04477109418313357
projected (ZZ map),16,0.01,0.9945101692880989,0.0034266227476640347,0.3312599486121044
projected (ZZ map),16,0.01794097966060169,0.9834285700013378,0.008977457428229947,0.336412102458916
projected (ZZ map),16,0.03218787511821236,0.9542289454967868,0.021498488430992,0.339705678882732
projected (ZZ map),16,0.05774820128138352,0.8961328837164402,0.04082622257114152,0.3346547504028728
projected (ZZ map),16,0.10360593046256342,0.8171178885141718,0.05988947619742497,0.2429680153835611
projected (ZZ map),16,0.18587918911465637,0.7408843134121698,0.06865249314822294,0.0734583743302173
projected (ZZ map),16,0.3334854751235185,0.7045879506360506,0.06611429663359725,0.024500832296156492
projected (ZZ map),16,0.5983056126297137,0.689762173818815,0.06328959443740223,0.020102432585489494
projected (ZZ map),16,1.0734188827013527,0.6989050232382324,0.06584310483729165,0.013261868991141467
projected (ZZ map),16,1.9258186341850763,0.6929947461014534,0.06323614108745852,0.015197987180648933
projected (ZZ map),16,3.455107294592218,0.691188254594993,0.06467402270111042,0.013010892841249445
projected (ZZ map),16,6.198800969747553,0.6898967749007876,0.06254001390400417,0.01369621926393462
projected (ZZ map),16,11.121256211835888,0.6938722990260628,0.06400261417156568,0.020100333036822685
projected (ZZ map),16,19.952623149688797,0.695897081661975,0.06416086792807024,0.014181101340093214
