seed,n_train,model,eval_set,mae_D,rmse_D,rmse_below_tail_D,r2,bias_D,n_eval,fit_seconds,details
0,10000,linear,dev,0.5154888656901351,0.9291807363242419,0.8924588751341682,0.6269886305411607,-0.06503716223697205,5000,10.1,"{""params"": {""hidden"": [], ""message_passing"": 0, ""atomic_dipoles"": false, ""loss"": ""mae"", ""lr"": 0.002, ""weight_decay"": 0.0001, ""batch_size"": 64, ""max_epochs"": 300, ""min_steps"": 4000, ""max_steps"": 120000, ""patience"": 30, ""lr_patience"": 10, ""min_lr"": 1e-05, ""val_frac"": 0.1, ""max_val"": 5000, ""huber_delta"": 1.0, ""seed"": 0}, ""n_parameters"": 90, ""epochs"": [122], ""best_epoch"": [92], ""inner_val_mae_D"": [0.5045331677137338], ""train_seconds"": [10.0]}"
0,10000,linear,dev_unseen,0.7588827016529852,1.2046351265574773,1.1374787798044483,0.4568619609834822,-0.21746474649301217,4183,10.1,"{""params"": {""hidden"": [], ""message_passing"": 0, ""atomic_dipoles"": false, ""loss"": ""mae"", ""lr"": 0.002, ""weight_decay"": 0.0001, ""batch_size"": 64, ""max_epochs"": 300, ""min_steps"": 4000, ""max_steps"": 120000, ""patience"": 30, ""lr_patience"": 10, ""min_lr"": 1e-05, ""val_frac"": 0.1, ""max_val"": 5000, ""huber_delta"": 1.0, ""seed"": 0}, ""n_parameters"": 90, ""epochs"": [122], ""best_epoch"": [92], ""inner_val_mae_D"": [0.5045331677137338], ""train_seconds"": [10.0]}"
0,10000,linear+dipoles,dev,0.22130053556247312,0.458133901466148,0.3415296644094041,0.9093210390457157,-0.002927042621488868,5000,22.8,"{""params"": {""hidden"": [], ""message_passing"": 0, ""atomic_dipoles"": true, ""loss"": ""mae"", ""lr"": 0.002, ""weight_decay"": 0.0001, ""batch_size"": 64, ""max_epochs"": 300, ""min_steps"": 4000, ""max_steps"": 120000, ""patience"": 30, ""lr_patience"": 10, ""min_lr"": 1e-05, ""val_frac"": 0.1, ""max_val"": 5000, ""huber_delta"": 1.0, ""seed"": 0}, ""n_parameters"": 520, ""epochs"": [158], ""best_epoch"": [148], ""inner_val_mae_D"": [0.2284737287007183], ""train_seconds"": [22.7]}"
0,10000,linear+dipoles,dev_unseen,0.36916942939581393,0.6568171617831803,0.5658134113630194,0.83853137094914,-0.060622974784093946,4183,22.8,"{""params"": {""hidden"": [], ""message_passing"": 0, ""atomic_dipoles"": true, ""loss"": ""mae"", ""lr"": 0.002, ""weight_decay"": 0.0001, ""batch_size"": 64, ""max_epochs"": 300, ""min_steps"": 4000, ""max_steps"": 120000, ""patience"": 30, ""lr_patience"": 10, ""min_lr"": 1e-05, ""val_frac"": 0.1, ""max_val"": 5000, ""huber_delta"": 1.0, ""seed"": 0}, ""n_parameters"": 520, ""epochs"": [158], ""best_epoch"": [148], ""inner_val_mae_D"": [0.2284737287007183], ""train_seconds"": [22.7]}"
0,10000,mlp,dev,0.11853238657985657,0.2211746725336979,0.19620672572930467,0.9788654765163216,0.0010441288025130862,5000,68.9,"{""params"": {""hidden"": [128, 64], ""message_passing"": 0, ""atomic_dipoles"": true, ""loss"": ""mae"", ""lr"": 0.002, ""weight_decay"": 0.0001, ""batch_size"": 64, ""max_epochs"": 300, ""min_steps"": 4000, ""max_steps"": 120000, ""patience"": 30, ""lr_patience"": 10, ""min_lr"": 1e-05, ""val_frac"": 0.1, ""max_val"": 5000, ""huber_delta"": 1.0, ""seed"": 0}, ""n_parameters"": 19658, ""epochs"": [123], ""best_epoch"": [93], ""inner_val_mae_D"": [0.11564549428854444], ""train_seconds"": [68.8]}"
0,10000,mlp,dev_unseen,0.18707246393391486,0.3227845477587825,0.2829448655611122,0.9610035883171403,-0.02017392803560819,4183,68.9,"{""params"": {""hidden"": [128, 64], ""message_passing"": 0, ""atomic_dipoles"": true, ""loss"": ""mae"", ""lr"": 0.002, ""weight_decay"": 0.0001, ""batch_size"": 64, ""max_epochs"": 300, ""min_steps"": 4000, ""max_steps"": 120000, ""patience"": 30, ""lr_patience"": 10, ""min_lr"": 1e-05, ""val_frac"": 0.1, ""max_val"": 5000, ""huber_delta"": 1.0, ""seed"": 0}, ""n_parameters"": 19658, ""epochs"": [123], ""best_epoch"": [93], ""inner_val_mae_D"": [0.11564549428854444], ""train_seconds"": [68.8]}"
0,10000,mp2,dev,0.2224876061494977,0.5061588638102203,0.48022370887487387,0.8893133183598867,-0.01250012746005579,5000,181.4,"{""params"": {""hidden"": [128, 64], ""message_passing"": 2, ""atomic_dipoles"": true, ""loss"": ""mae"", ""lr"": 0.002, ""weight_decay"": 0.0001, ""batch_size"": 64, ""max_epochs"": 300, ""min_steps"": 4000, ""max_steps"": 120000, ""patience"": 30, ""lr_patience"": 10, ""min_lr"": 1e-05, ""val_frac"": 0.1, ""max_val"": 5000, ""huber_delta"": 1.0, ""seed"": 0}, ""n_parameters"": 85450, ""epochs"": [112], ""best_epoch"": [82], ""inner_val_mae_D"": [0.19051812488054895], ""train_seconds"": [181.3]}"
0,10000,mp2,dev_unseen,0.34481307314649406,0.7150337592801808,0.6291626671700523,0.808639512795401,-0.07595267093229807,4183,181.4,"{""params"": {""hidden"": [128, 64], ""message_passing"": 2, ""atomic_dipoles"": true, ""loss"": ""mae"", ""lr"": 0.002, ""weight_decay"": 0.0001, ""batch_size"": 64, ""max_epochs"": 300, ""min_steps"": 4000, ""max_steps"": 120000, ""patience"": 30, ""lr_patience"": 10, ""min_lr"": 1e-05, ""val_frac"": 0.1, ""max_val"": 5000, ""huber_delta"": 1.0, ""seed"": 0}, ""n_parameters"": 85450, ""epochs"": [112], ""best_epoch"": [82], ""inner_val_mae_D"": [0.19051812488054895], ""train_seconds"": [181.3]}"
0,10000,mp3,dev,0.09361059163256068,0.202005157637152,0.16790366191586362,0.9823702322680558,-0.0116880354091888,5000,325.8,"{""params"": {""hidden"": [128, 64], ""message_passing"": 3, ""atomic_dipoles"": true, ""loss"": ""mae"", ""lr"": 0.002, ""weight_decay"": 0.0001, ""batch_size"": 64, ""max_epochs"": 300, ""min_steps"": 4000, ""max_steps"": 120000, ""patience"": 30, ""lr_patience"": 10, ""min_lr"": 1e-05, ""val_frac"": 0.1, ""max_val"": 5000, ""huber_delta"": 1.0, ""seed"": 0}, ""n_parameters"": 118346, ""epochs"": [159], ""best_epoch"": [129], ""inner_val_mae_D"": [0.09239639982486629], ""train_seconds"": [325.8]}"
0,10000,mp3,dev_unseen,0.15533737608752365,0.32394927912099286,0.252486587863423,0.960721652325525,-0.02260533061522098,4183,325.8,"{""params"": {""hidden"": [128, 64], ""message_passing"": 3, ""atomic_dipoles"": true, ""loss"": ""mae"", ""lr"": 0.002, ""weight_decay"": 0.0001, ""batch_size"": 64, ""max_epochs"": 300, ""min_steps"": 4000, ""max_steps"": 120000, ""patience"": 30, ""lr_patience"": 10, ""min_lr"": 1e-05, ""val_frac"": 0.1, ""max_val"": 5000, ""huber_delta"": 1.0, ""seed"": 0}, ""n_parameters"": 118346, ""epochs"": [159], ""best_epoch"": [129], ""inner_val_mae_D"": [0.09239639982486629], ""train_seconds"": [325.8]}"
0,10000,mp2-no-dipoles,dev,0.24530676174913116,0.5172440357708316,0.5011567437954199,0.8844120243820018,-0.000681115925233793,5000,239.7,"{""params"": {""hidden"": [128, 64], ""message_passing"": 2, ""atomic_dipoles"": false, ""loss"": ""mae"", ""lr"": 0.002, ""weight_decay"": 0.0001, ""batch_size"": 64, ""max_epochs"": 300, ""min_steps"": 4000, ""max_steps"": 120000, ""patience"": 30, ""lr_patience"": 10, ""min_lr"": 1e-05, ""val_frac"": 0.1, ""max_val"": 5000, ""huber_delta"": 1.0, ""seed"": 0}, ""n_parameters"": 85125, ""epochs"": [157], ""best_epoch"": [127], ""inner_val_mae_D"": [0.21652219752694374], ""train_seconds"": [239.6]}"
0,10000,mp2-no-dipoles,dev_unseen,0.3821866807998039,0.7565278107115365,0.661435845087226,0.785785448078647,-0.08691137087387794,4183,239.7,"{""params"": {""hidden"": [128, 64], ""message_passing"": 2, ""atomic_dipoles"": false, ""loss"": ""mae"", ""lr"": 0.002, ""weight_decay"": 0.0001, ""batch_size"": 64, ""max_epochs"": 300, ""min_steps"": 4000, ""max_steps"": 120000, ""patience"": 30, ""lr_patience"": 10, ""min_lr"": 1e-05, ""val_frac"": 0.1, ""max_val"": 5000, ""huber_delta"": 1.0, ""seed"": 0}, ""n_parameters"": 85125, ""epochs"": [157], ""best_epoch"": [127], ""inner_val_mae_D"": [0.21652219752694374], ""train_seconds"": [239.6]}"
0,10000,mp3-narrow,dev,0.10086880604786057,0.20598255002765123,0.1730948330730033,0.9816691528922776,-0.003601163417585658,5000,116.1,"{""params"": {""hidden"": [64, 64], ""message_passing"": 3, ""atomic_dipoles"": true, ""loss"": ""mae"", ""lr"": 0.002, ""weight_decay"": 0.0001, ""batch_size"": 64, ""max_epochs"": 300, ""min_steps"": 4000, ""max_steps"": 120000, ""patience"": 30, ""lr_patience"": 10, ""min_lr"": 1e-05, ""val_frac"": 0.1, ""max_val"": 5000, ""huber_delta"": 1.0, ""seed"": 0}, ""n_parameters"": 34826, ""epochs"": [101], ""best_epoch"": [71], ""inner_val_mae_D"": [0.1026183675865405], ""train_seconds"": [116.0]}"
0,10000,mp3-narrow,dev_unseen,0.16939261296714742,0.33198107933781346,0.26225507410550447,0.9587498208108651,-0.013762139694345166,4183,116.1,"{""params"": {""hidden"": [64, 64], ""message_passing"": 3, ""atomic_dipoles"": true, ""loss"": ""mae"", ""lr"": 0.002, ""weight_decay"": 0.0001, ""batch_size"": 64, ""max_epochs"": 300, ""min_steps"": 4000, ""max_steps"": 120000, ""patience"": 30, ""lr_patience"": 10, ""min_lr"": 1e-05, ""val_frac"": 0.1, ""max_val"": 5000, ""huber_delta"": 1.0, ""seed"": 0}, ""n_parameters"": 34826, ""epochs"": [101], ""best_epoch"": [71], ""inner_val_mae_D"": [0.1026183675865405], ""train_seconds"": [116.0]}"
0,10000,mp2-mse,dev,0.12386227354193712,0.2435141798242858,0.18607986276372482,0.9743805274134983,-0.011721136882724819,5000,204.4,"{""params"": {""hidden"": [128, 64], ""message_passing"": 2, ""atomic_dipoles"": true, ""loss"": ""mse"", ""lr"": 0.002, ""weight_decay"": 0.0001, ""batch_size"": 64, ""max_epochs"": 300, ""min_steps"": 4000, ""max_steps"": 120000, ""patience"": 30, ""lr_patience"": 10, ""min_lr"": 1e-05, ""val_frac"": 0.1, ""max_val"": 5000, ""huber_delta"": 1.0, ""seed"": 0}, ""n_parameters"": 85450, ""epochs"": [133], ""best_epoch"": [103], ""inner_val_mae_D"": [0.12951992118481734], ""train_seconds"": [204.3]}"
0,10000,mp2-mse,dev_unseen,0.19326799470948652,0.3481171353601232,0.2822013958800314,0.954642409430134,-0.02605682586346302,4183,204.4,"{""params"": {""hidden"": [128, 64], ""message_passing"": 2, ""atomic_dipoles"": true, ""loss"": ""mse"", ""lr"": 0.002, ""weight_decay"": 0.0001, ""batch_size"": 64, ""max_epochs"": 300, ""min_steps"": 4000, ""max_steps"": 120000, ""patience"": 30, ""lr_patience"": 10, ""min_lr"": 1e-05, ""val_frac"": 0.1, ""max_val"": 5000, ""huber_delta"": 1.0, ""seed"": 0}, ""n_parameters"": 85450, ""epochs"": [133], ""best_epoch"": [103], ""inner_val_mae_D"": [0.12951992118481734], ""train_seconds"": [204.3]}"
