seed,n_train,model,features,eval_set,mae_D,rmse_D,mae_fold_std_D,n_eval,n_candidates,hyperparams,seconds,target
0,100,ridge,structure,cv,0.8223087351889653,1.0775198233959506,0.1035736645932081,100,15,"{""regressor__model__alpha"": 10.0}",0.65,standard
0,100,rbf_krr,structure,cv,0.7554881894646841,1.0399293021284157,0.10067283995273003,100,63,"{""regressor__model__alpha"": 0.01, ""regressor__model__gamma"": 0.03162277660168379}",1.0,standard
0,100,xgb,structure,cv,0.7285105603752138,0.9634085893224736,0.19983494586685896,100,12,"{""regressor__model__learning_rate"": 0.1, ""regressor__model__max_depth"": 3, ""regressor__model__min_child_weight"": 1}",3.11,standard
0,100,ridge,cm+structure,cv,0.7827245107295915,1.0441040101348986,0.11585005667701329,100,15,"{""regressor__model__alpha"": 10.0}",1.11,standard
0,100,rbf_krr,cm+structure,cv,0.7836746413818207,1.0564170374590058,0.09594534520524672,100,63,"{""regressor__model__alpha"": 0.01, ""regressor__model__gamma"": 0.001}",1.33,standard
0,100,xgb,cm+structure,cv,0.7899805549964906,1.0535745627617141,0.13574213455293055,100,12,"{""regressor__model__learning_rate"": 0.03, ""regressor__model__max_depth"": 3, ""regressor__model__min_child_weight"": 5}",3.39,standard
0,300,ridge,structure,cv,0.6997353988726325,1.0189132435181778,0.15587612132129833,300,15,"{""regressor__model__alpha"": 3.1622776601683795}",0.72,standard
0,300,rbf_krr,structure,cv,0.6724634566465582,1.000993492928618,0.1539667352652361,300,63,"{""regressor__model__alpha"": 0.01, ""regressor__model__gamma"": 0.001}",0.99,standard
0,300,xgb,structure,cv,0.6950926165447235,1.0497072602413748,0.1272344173462829,300,12,"{""regressor__model__learning_rate"": 0.1, ""regressor__model__max_depth"": 5, ""regressor__model__min_child_weight"": 1}",4.77,standard
0,300,ridge,cm+structure,cv,0.7374739841236423,1.043938581907965,0.14043038798362753,300,15,"{""regressor__model__alpha"": 10.0}",1.31,standard
0,300,rbf_krr,cm+structure,cv,0.7221698358529938,1.0449657209384877,0.14371577488826043,300,63,"{""regressor__model__alpha"": 0.01, ""regressor__model__gamma"": 0.001}",1.7,standard
0,300,xgb,cm+structure,cv,0.7100945650717417,1.053880999564487,0.13770461508698406,300,12,"{""regressor__model__learning_rate"": 0.03, ""regressor__model__max_depth"": 5, ""regressor__model__min_child_weight"": 1}",9.38,standard
0,1000,ridge,structure,cv,0.850041944712465,1.509950993551678,0.03707326854570451,1000,15,"{""regressor__model__alpha"": 31.622776601683793}",0.82,standard
0,1000,rbf_krr,structure,cv,0.8048844946518335,1.4473747889340363,0.04570221508105841,1000,63,"{""regressor__model__alpha"": 0.1, ""regressor__model__gamma"": 0.01}",2.92,standard
0,1000,xgb,structure,cv,0.7690872793262481,1.44649210862491,0.05774405140341357,1000,12,"{""regressor__model__learning_rate"": 0.03, ""regressor__model__max_depth"": 7, ""regressor__model__min_child_weight"": 1}",7.28,standard
0,1000,ridge,cm+structure,cv,0.8565810555593598,1.5247041088771494,0.04919914976325518,1000,15,"{""regressor__model__alpha"": 100.0}",1.59,standard
0,1000,rbf_krr,cm+structure,cv,0.8418620187193401,1.514300705780778,0.03430122094278559,1000,63,"{""regressor__model__alpha"": 0.1, ""regressor__model__gamma"": 0.001}",3.71,standard
0,1000,xgb,cm+structure,cv,0.7589753187498093,1.393631767612221,0.06697125500568217,1000,12,"{""regressor__model__learning_rate"": 0.03, ""regressor__model__max_depth"": 7, ""regressor__model__min_child_weight"": 1}",16.55,standard
1,100,ridge,structure,cv,0.8312909132834417,1.1469274860722403,0.17408894494488247,100,15,"{""regressor__model__alpha"": 10.0}",0.65,standard
1,100,rbf_krr,structure,cv,0.8213472986036544,1.1432352206314347,0.1639669042378932,100,63,"{""regressor__model__alpha"": 0.1, ""regressor__model__gamma"": 0.0031622776601683794}",0.88,standard
1,100,xgb,structure,cv,0.8574641918792725,1.232437158934957,0.1750444602466266,100,12,"{""regressor__model__learning_rate"": 0.03, ""regressor__model__max_depth"": 3, ""regressor__model__min_child_weight"": 5}",2.09,standard
1,100,ridge,cm+structure,cv,0.9025313496128073,1.1930675680349114,0.11774244377904118,100,15,"{""regressor__model__alpha"": 31.622776601683793}",1.11,standard
1,100,rbf_krr,cm+structure,cv,0.9143225617429579,1.2244592222759598,0.11790057250537703,100,63,"{""regressor__model__alpha"": 0.1, ""regressor__model__gamma"": 0.0031622776601683794}",1.37,standard
1,100,xgb,cm+structure,cv,0.9370832874050141,1.2898412176414495,0.192526976079269,100,12,"{""regressor__model__learning_rate"": 0.03, ""regressor__model__max_depth"": 5, ""regressor__model__min_child_weight"": 1}",3.45,standard
1,300,ridge,structure,cv,0.8159910776664703,1.145230215027453,0.11394503387741166,300,15,"{""regressor__model__alpha"": 10.0}",0.69,standard
1,300,rbf_krr,structure,cv,0.7986581731160334,1.1462898561804145,0.11310669982135381,300,63,"{""regressor__model__alpha"": 0.01, ""regressor__model__gamma"": 0.001}",0.99,standard
1,300,xgb,structure,cv,0.8352970444196065,1.2323389473157123,0.0966247598028024,300,12,"{""regressor__model__learning_rate"": 0.1, ""regressor__model__max_depth"": 7, ""regressor__model__min_child_weight"": 5}",4.98,standard
1,300,ridge,cm+structure,cv,0.8484829414153077,1.1727820791297654,0.0995366541681099,300,15,"{""regressor__model__alpha"": 31.622776601683793}",1.31,standard
1,300,rbf_krr,cm+structure,cv,0.8164936689716729,1.1728155774355347,0.09486999327187362,300,63,"{""regressor__model__alpha"": 0.01, ""regressor__model__gamma"": 0.001}",1.63,standard
1,300,xgb,cm+structure,cv,0.8224800251413981,1.1946967510367734,0.09179411842578446,300,12,"{""regressor__model__learning_rate"": 0.1, ""regressor__model__max_depth"": 5, ""regressor__model__min_child_weight"": 1}",10.0,standard
1,1000,ridge,structure,cv,0.7499306682601383,1.0834989274461746,0.04278089135020546,1000,15,"{""regressor__model__alpha"": 3.1622776601683795}",0.8,standard
1,1000,rbf_krr,structure,cv,0.6649502721713619,0.9906156462854405,0.04103190059166613,1000,63,"{""regressor__model__alpha"": 0.01, ""regressor__model__gamma"": 0.0031622776601683794}",2.86,standard
1,1000,xgb,structure,cv,0.6968390464572906,1.038691098778217,0.06390600585559116,1000,12,"{""regressor__model__learning_rate"": 0.03, ""regressor__model__max_depth"": 5, ""regressor__model__min_child_weight"": 1}",8.19,standard
1,1000,ridge,cm+structure,cv,0.7620995245032224,1.0909633194245247,0.040980234334982144,1000,15,"{""regressor__model__alpha"": 3.1622776601683795}",1.54,standard
1,1000,rbf_krr,cm+structure,cv,0.6915307337654352,1.0124888894481332,0.038853025994308656,1000,63,"{""regressor__model__alpha"": 0.01, ""regressor__model__gamma"": 0.0031622776601683794}",3.76,standard
1,1000,xgb,cm+structure,cv,0.708833369828415,1.0557160577330351,0.0695483520480439,1000,12,"{""regressor__model__learning_rate"": 0.03, ""regressor__model__max_depth"": 5, ""regressor__model__min_child_weight"": 5}",20.6,standard
2,100,ridge,structure,cv,0.9251765353893535,1.5239149209668763,0.24995574312412427,100,15,"{""regressor__model__alpha"": 31.622776601683793}",0.65,standard
2,100,rbf_krr,structure,cv,0.9115627403785327,1.5102349332015157,0.25334181708382797,100,63,"{""regressor__model__alpha"": 0.1, ""regressor__model__gamma"": 0.0031622776601683794}",0.86,standard
2,100,xgb,structure,cv,0.911114055562973,1.5738413585383744,0.2715645762870925,100,12,"{""regressor__model__learning_rate"": 0.03, ""regressor__model__max_depth"": 3, ""regressor__model__min_child_weight"": 1}",2.3,standard
2,100,ridge,cm+structure,cv,0.9376356889949219,1.5654839186202376,0.275803703605026,100,15,"{""regressor__model__alpha"": 31.622776601683793}",1.28,standard
2,100,rbf_krr,cm+structure,cv,0.9566549156718404,1.5904552380854708,0.2566572338788164,100,63,"{""regressor__model__alpha"": 0.1, ""regressor__model__gamma"": 0.001}",1.61,standard
2,100,xgb,cm+structure,cv,0.9413806119003296,1.640251966825681,0.2692748912240955,100,12,"{""regressor__model__learning_rate"": 0.03, ""regressor__model__max_depth"": 3, ""regressor__model__min_child_weight"": 1}",4.22,standard
2,300,ridge,structure,cv,0.8964097317577743,1.4393319137090874,0.21502670057382223,300,15,"{""regressor__model__alpha"": 10.0}",0.99,standard
2,300,rbf_krr,structure,cv,0.8766825104994485,1.4275078635574718,0.21252945810168355,300,63,"{""regressor__model__alpha"": 0.1, ""regressor__model__gamma"": 0.0031622776601683794}",1.04,standard
2,300,xgb,structure,cv,0.8849641230532328,1.4748237769977885,0.19472450771794814,300,12,"{""regressor__model__learning_rate"": 0.03, ""regressor__model__max_depth"": 3, ""regressor__model__min_child_weight"": 1}",5.09,standard
2,300,ridge,cm+structure,cv,0.921535615984221,1.4480568381215535,0.20960350554584264,300,15,"{""regressor__model__alpha"": 31.622776601683793}",1.38,standard
2,300,rbf_krr,cm+structure,cv,0.9155230584788717,1.4441451096641047,0.21004080373002368,300,63,"{""regressor__model__alpha"": 0.1, ""regressor__model__gamma"": 0.001}",1.82,standard
2,300,xgb,cm+structure,cv,0.9128559223556518,1.4969777074619757,0.20868442554898786,300,12,"{""regressor__model__learning_rate"": 0.03, ""regressor__model__max_depth"": 3, ""regressor__model__min_child_weight"": 1}",10.53,standard
2,1000,ridge,structure,cv,0.773627048823869,1.1663359545922585,0.061853933788084625,1000,15,"{""regressor__model__alpha"": 3.1622776601683795}",0.83,standard
2,1000,rbf_krr,structure,cv,0.7294876695921239,1.1194163938650419,0.03940687916103103,1000,63,"{""regressor__model__alpha"": 0.1, ""regressor__model__gamma"": 0.01}",3.13,standard
2,1000,xgb,structure,cv,0.7077394313274383,1.1370871603051733,0.06357600423723861,1000,12,"{""regressor__model__learning_rate"": 0.03, ""regressor__model__max_depth"": 7, ""regressor__model__min_child_weight"": 1}",8.44,standard
2,1000,ridge,cm+structure,cv,0.77771102813018,1.1611760235004378,0.06394919970983835,1000,15,"{""regressor__model__alpha"": 10.0}",1.53,standard
2,1000,rbf_krr,cm+structure,cv,0.7407361920943601,1.133111905924988,0.05172037338965668,1000,63,"{""regressor__model__alpha"": 0.01, ""regressor__model__gamma"": 0.001}",3.75,standard
2,1000,xgb,cm+structure,cv,0.7052164307060242,1.1337265920070452,0.052924248508387145,1000,12,"{""regressor__model__learning_rate"": 0.03, ""regressor__model__max_depth"": 7, ""regressor__model__min_child_weight"": 1}",19.64,standard
0,100,ridge,structure,cv,0.784665206020777,1.0459326053351548,0.15788829587759723,100,15,"{""regressor__model__alpha"": 3.1622776601683795}",0.67,sqrt
0,100,rbf_krr,structure,cv,0.7745025886006003,1.064265528623994,0.0764781125566435,100,63,"{""regressor__model__alpha"": 0.1, ""regressor__model__gamma"": 0.03162277660168379}",0.98,sqrt
0,100,xgb,structure,cv,0.7485495857179165,0.9812618270631444,0.14307033201139635,100,12,"{""regressor__model__learning_rate"": 0.1, ""regressor__model__max_depth"": 3, ""regressor__model__min_child_weight"": 1}",2.31,sqrt
0,100,ridge,cm+structure,cv,0.7933665247463864,1.0483184609759912,0.18907355245242397,100,15,"{""regressor__model__alpha"": 10.0}",1.17,sqrt
0,100,rbf_krr,cm+structure,cv,0.7987710653953433,1.0647613925614627,0.11049275959945405,100,63,"{""regressor__model__alpha"": 0.1, ""regressor__model__gamma"": 0.0031622776601683794}",1.48,sqrt
0,100,xgb,cm+structure,cv,0.827891287018806,1.1014908387027675,0.1193287887673361,100,12,"{""regressor__model__learning_rate"": 0.03, ""regressor__model__max_depth"": 5, ""regressor__model__min_child_weight"": 1}",3.7,sqrt
0,300,ridge,structure,cv,0.6929267672643147,1.024010969727096,0.17562155471495122,300,15,"{""regressor__model__alpha"": 10.0}",0.76,sqrt
0,300,rbf_krr,structure,cv,0.6621890194980876,1.0045640793565118,0.17062741293847516,300,63,"{""regressor__model__alpha"": 0.01, ""regressor__model__gamma"": 0.001}",1.01,sqrt
0,300,xgb,structure,cv,0.684944139555797,1.050046038426642,0.1305738955819338,300,12,"{""regressor__model__learning_rate"": 0.03, ""regressor__model__max_depth"": 5, ""regressor__model__min_child_weight"": 5}",4.81,sqrt
0,300,ridge,cm+structure,cv,0.7444415161486294,1.2296462955959162,0.2406770013219273,300,15,"{""regressor__model__alpha"": 31.622776601683793}",1.33,sqrt
0,300,rbf_krr,cm+structure,cv,0.704048604672883,1.0308465829496805,0.1532972401978109,300,63,"{""regressor__model__alpha"": 0.1, ""regressor__model__gamma"": 0.0031622776601683794}",1.68,sqrt
0,300,xgb,cm+structure,cv,0.7084338236904542,1.0867254684421912,0.11635952733881144,300,12,"{""regressor__model__learning_rate"": 0.1, ""regressor__model__max_depth"": 5, ""regressor__model__min_child_weight"": 1}",9.81,sqrt
0,1000,ridge,structure,cv,0.8075671281069652,1.514622794208043,0.057804994351318174,1000,15,"{""regressor__model__alpha"": 31.622776601683793}",0.83,sqrt
0,1000,rbf_krr,structure,cv,0.7588680430329228,1.4089167045497297,0.04237444627349502,1000,63,"{""regressor__model__alpha"": 0.01, ""regressor__model__gamma"": 0.0031622776601683794}",3.02,sqrt
0,1000,xgb,structure,cv,0.7419636477773449,1.3879093421267814,0.06008028632068961,1000,12,"{""regressor__model__learning_rate"": 0.03, ""regressor__model__max_depth"": 5, ""regressor__model__min_child_weight"": 1}",8.32,sqrt
0,1000,ridge,cm+structure,cv,0.8148911738550276,1.5196078477703987,0.06190605901852199,1000,15,"{""regressor__model__alpha"": 100.0}",1.56,sqrt
0,1000,rbf_krr,cm+structure,cv,0.7791381941095573,1.4910151451762788,0.037580511618290326,1000,63,"{""regressor__model__alpha"": 0.1, ""regressor__model__gamma"": 0.0031622776601683794}",3.89,sqrt
0,1000,xgb,cm+structure,cv,0.7514863724568054,1.3971635989540585,0.04965005138656089,1000,12,"{""regressor__model__learning_rate"": 0.03, ""regressor__model__max_depth"": 5, ""regressor__model__min_child_weight"": 1}",20.54,sqrt
1,100,ridge,structure,cv,0.8151588268155453,1.118570539916114,0.21547477481208613,100,15,"{""regressor__model__alpha"": 10.0}",0.75,sqrt
1,100,rbf_krr,structure,cv,0.810439878353963,1.1224326458644425,0.20559865006803682,100,63,"{""regressor__model__alpha"": 0.1, ""regressor__model__gamma"": 0.0031622776601683794}",0.98,sqrt
1,100,xgb,structure,cv,0.916494017350197,1.2479706920820828,0.17182271387397294,100,12,"{""regressor__model__learning_rate"": 0.03, ""regressor__model__max_depth"": 7, ""regressor__model__min_child_weight"": 5}",2.23,sqrt
1,100,ridge,cm+structure,cv,0.8925820144688449,1.1752895698226486,0.15146499986283846,100,15,"{""regressor__model__alpha"": 31.622776601683793}",1.15,sqrt
1,100,rbf_krr,cm+structure,cv,0.9031484929125803,1.1797181526670035,0.14020443801066765,100,63,"{""regressor__model__alpha"": 0.1, ""regressor__model__gamma"": 0.001}",1.36,sqrt
1,100,xgb,cm+structure,cv,0.9561961954321861,1.2934163378940278,0.18173884063798731,100,12,"{""regressor__model__learning_rate"": 0.03, ""regressor__model__max_depth"": 3, ""regressor__model__min_child_weight"": 5}",3.36,sqrt
1,300,ridge,structure,cv,0.799538335225353,1.1254830449378896,0.09070646175905271,300,15,"{""regressor__model__alpha"": 10.0}",0.74,sqrt
1,300,rbf_krr,structure,cv,0.79285792755767,1.1343906523668643,0.09271788810047119,300,63,"{""regressor__model__alpha"": 0.01, ""regressor__model__gamma"": 0.001}",1.03,sqrt
1,300,xgb,structure,cv,0.8441277104413112,1.2507408969766682,0.09596247529387898,300,12,"{""regressor__model__learning_rate"": 0.03, ""regressor__model__max_depth"": 5, ""regressor__model__min_child_weight"": 1}",5.02,sqrt
1,300,ridge,cm+structure,cv,0.8196944636118395,1.1554930780897565,0.0775602736049964,300,15,"{""regressor__model__alpha"": 31.622776601683793}",1.28,sqrt
1,300,rbf_krr,cm+structure,cv,0.8090896848654159,1.1677438796354238,0.06984087759111902,300,63,"{""regressor__model__alpha"": 0.01, ""regressor__model__gamma"": 0.001}",1.66,sqrt
1,300,xgb,cm+structure,cv,0.8327640780016581,1.230958378805348,0.11231144826413965,300,12,"{""regressor__model__learning_rate"": 0.03, ""regressor__model__max_depth"": 5, ""regressor__model__min_child_weight"": 5}",9.54,sqrt
1,1000,ridge,structure,cv,0.7396181312787774,1.076595567860186,0.03597861901826087,1000,15,"{""regressor__model__alpha"": 3.1622776601683795}",0.78,sqrt
1,1000,rbf_krr,structure,cv,0.6645772370172918,1.0042042151465622,0.0361230179789535,1000,63,"{""regressor__model__alpha"": 0.01, ""regressor__model__gamma"": 0.0031622776601683794}",2.85,sqrt
1,1000,xgb,structure,cv,0.6970789672150329,1.052693230780213,0.0494894918456499,1000,12,"{""regressor__model__learning_rate"": 0.03, ""regressor__model__max_depth"": 7, ""regressor__model__min_child_weight"": 1}",8.13,sqrt
1,1000,ridge,cm+structure,cv,0.7468101187345144,1.0836670093676384,0.036007677614942474,1000,15,"{""regressor__model__alpha"": 10.0}",1.69,sqrt
1,1000,rbf_krr,cm+structure,cv,0.6918716048908689,1.0267886139185551,0.04380447387744737,1000,63,"{""regressor__model__alpha"": 0.01, ""regressor__model__gamma"": 0.0031622776601683794}",3.85,sqrt
1,1000,xgb,cm+structure,cv,0.7107553515307982,1.0650877713142521,0.05471488065810548,1000,12,"{""regressor__model__learning_rate"": 0.03, ""regressor__model__max_depth"": 5, ""regressor__model__min_child_weight"": 5}",18.73,sqrt
2,100,ridge,structure,cv,0.8936766007389956,1.5032235272170364,0.22986629821237045,100,15,"{""regressor__model__alpha"": 31.622776601683793}",0.66,sqrt
2,100,rbf_krr,structure,cv,0.8762861092780486,1.493273480984628,0.24132694068839056,100,63,"{""regressor__model__alpha"": 0.1, ""regressor__model__gamma"": 0.01}",0.87,sqrt
2,100,xgb,structure,cv,0.9027691230381727,1.5637803238495178,0.32483577400574726,100,12,"{""regressor__model__learning_rate"": 0.03, ""regressor__model__max_depth"": 3, ""regressor__model__min_child_weight"": 5}",2.08,sqrt
2,100,ridge,cm+structure,cv,0.8834541478856783,1.5072913060141646,0.3188381095263267,100,15,"{""regressor__model__alpha"": 10.0}",1.19,sqrt
2,100,rbf_krr,cm+structure,cv,0.8676717024915007,1.5023859145341096,0.3404368314249186,100,63,"{""regressor__model__alpha"": 0.01, ""regressor__model__gamma"": 0.001}",1.42,sqrt
2,100,xgb,cm+structure,cv,0.9190629864419698,1.6367119077943173,0.34684181486798543,100,12,"{""regressor__model__learning_rate"": 0.03, ""regressor__model__max_depth"": 5, ""regressor__model__min_child_weight"": 1}",3.48,sqrt
2,300,ridge,structure,cv,0.888546598139256,1.4271622186261095,0.23644942600357993,300,15,"{""regressor__model__alpha"": 31.622776601683793}",0.72,sqrt
2,300,rbf_krr,structure,cv,0.8648544446590427,1.4328415752467154,0.22068915379329287,300,63,"{""regressor__model__alpha"": 0.01, ""regressor__model__gamma"": 0.001}",1.02,sqrt
2,300,xgb,structure,cv,0.8755006101067462,1.466200018244503,0.24869670207057948,300,12,"{""regressor__model__learning_rate"": 0.03, ""regressor__model__max_depth"": 5, ""regressor__model__min_child_weight"": 1}",4.82,sqrt
2,300,ridge,cm+structure,cv,0.9074787201221306,1.4424189378933239,0.2254316253192028,300,15,"{""regressor__model__alpha"": 31.622776601683793}",1.38,sqrt
2,300,rbf_krr,cm+structure,cv,0.8964640675120592,1.4555708282664626,0.19368221733444027,300,63,"{""regressor__model__alpha"": 0.1, ""regressor__model__gamma"": 0.0031622776601683794}",1.66,sqrt
2,300,xgb,cm+structure,cv,0.8853040186105172,1.4729870877254843,0.2630609062407972,300,12,"{""regressor__model__learning_rate"": 0.03, ""regressor__model__max_depth"": 7, ""regressor__model__min_child_weight"": 1}",9.55,sqrt
2,1000,ridge,structure,cv,0.7669308678638422,1.1728461906721246,0.07038008867583984,1000,15,"{""regressor__model__alpha"": 10.0}",0.8,sqrt
2,1000,rbf_krr,structure,cv,0.716402611615772,1.117539712879907,0.04689549632214699,1000,63,"{""regressor__model__alpha"": 0.01, ""regressor__model__gamma"": 0.0031622776601683794}",2.87,sqrt
2,1000,xgb,structure,cv,0.7075624159369469,1.1227482516323195,0.05793314537335214,1000,12,"{""regressor__model__learning_rate"": 0.03, ""regressor__model__max_depth"": 5, ""regressor__model__min_child_weight"": 5}",8.24,sqrt
2,1000,ridge,cm+structure,cv,0.7636170214894397,1.1601600929043365,0.06987918560461631,1000,15,"{""regressor__model__alpha"": 10.0}",1.52,sqrt
2,1000,rbf_krr,cm+structure,cv,0.7230136317689485,1.127951534143409,0.06436808556982405,1000,63,"{""regressor__model__alpha"": 0.01, ""regressor__model__gamma"": 0.001}",3.77,sqrt
2,1000,xgb,cm+structure,cv,0.7002345592853605,1.1167503317386471,0.0534782599053494,1000,12,"{""regressor__model__learning_rate"": 0.03, ""regressor__model__max_depth"": 5, ""regressor__model__min_child_weight"": 5}",18.85,sqrt
0,100,ridge,structure,cv,0.788125133126191,1.0592718374181562,0.19392950781809912,100,15,"{""regressor__model__alpha"": 3.1622776601683795}",0.66,log1p
0,100,rbf_krr,structure,cv,0.7876683775406361,1.042790741975183,0.16296140115180027,100,63,"{""regressor__model__alpha"": 0.01, ""regressor__model__gamma"": 0.001}",0.86,log1p
0,100,xgb,structure,cv,0.7608149055829049,0.9932324059111718,0.1768031626363348,100,12,"{""regressor__model__learning_rate"": 0.1, ""regressor__model__max_depth"": 3, ""regressor__model__min_child_weight"": 1}",2.08,log1p
0,100,ridge,cm+structure,cv,0.8110540659719709,1.0610922647883383,0.21811548441179066,100,15,"{""regressor__model__alpha"": 10.0}",1.09,log1p
0,100,rbf_krr,cm+structure,cv,0.8125593729162363,1.0753737611366718,0.1202583857139083,100,63,"{""regressor__model__alpha"": 0.1, ""regressor__model__gamma"": 0.0031622776601683794}",1.33,log1p
0,100,xgb,cm+structure,cv,0.8350221806303264,1.138160234553045,0.17802936341961959,100,12,"{""regressor__model__learning_rate"": 0.1, ""regressor__model__max_depth"": 5, ""regressor__model__min_child_weight"": 1}",3.37,log1p
0,300,ridge,structure,cv,0.6969325828465575,1.0341164027434986,0.17416342259526435,300,15,"{""regressor__model__alpha"": 10.0}",0.72,log1p
0,300,rbf_krr,structure,cv,0.6652900317673397,1.0104733970005764,0.1724843400071556,300,63,"{""regressor__model__alpha"": 0.01, ""regressor__model__gamma"": 0.001}",1.05,log1p
0,300,xgb,structure,cv,0.6873575388640761,1.0571966826456483,0.12945587049574456,300,12,"{""regressor__model__learning_rate"": 0.03, ""regressor__model__max_depth"": 7, ""regressor__model__min_child_weight"": 5}",4.69,log1p
0,300,ridge,cm+structure,cv,0.7812590963996626,1.150008524253316,0.18968105865909182,300,15,"{""regressor__model__alpha"": 100.0}",1.35,log1p
0,300,rbf_krr,cm+structure,cv,0.7070574135236177,1.0358840511017584,0.161435811935965,300,63,"{""regressor__model__alpha"": 0.1, ""regressor__model__gamma"": 0.0031622776601683794}",1.66,log1p
0,300,xgb,cm+structure,cv,0.723536640979886,1.0916107433752178,0.11066471635303302,300,12,"{""regressor__model__learning_rate"": 0.1, ""regressor__model__max_depth"": 5, ""regressor__model__min_child_weight"": 1}",9.38,log1p
0,1000,ridge,structure,cv,0.8104049602728871,1.529060043229509,0.06051515090490511,1000,15,"{""regressor__model__alpha"": 31.622776601683793}",0.82,log1p
0,1000,rbf_krr,structure,cv,0.753484188727328,1.4328641697135436,0.04656845483577621,1000,63,"{""regressor__model__alpha"": 0.01, ""regressor__model__gamma"": 0.0031622776601683794}",2.97,log1p
0,1000,xgb,structure,cv,0.7552444696841538,1.415130037331535,0.06856304117971078,1000,12,"{""regressor__model__learning_rate"": 0.03, ""regressor__model__max_depth"": 5, ""regressor__model__min_child_weight"": 1}",8.05,log1p
0,1000,ridge,cm+structure,cv,0.8131579272385738,1.52337475480242,0.0552560432302907,1000,15,"{""regressor__model__alpha"": 31.622776601683793}",1.52,log1p
0,1000,rbf_krr,cm+structure,cv,0.7669272908055907,1.483016348276011,0.039624160678914146,1000,63,"{""regressor__model__alpha"": 0.01, ""regressor__model__gamma"": 0.001}",3.8,log1p
0,1000,xgb,cm+structure,cv,0.7599173204120458,1.4366083638720002,0.054166067874964766,1000,12,"{""regressor__model__learning_rate"": 0.03, ""regressor__model__max_depth"": 5, ""regressor__model__min_child_weight"": 1}",19.53,log1p
1,100,ridge,structure,cv,0.8162507729525826,1.1188685132932092,0.20370777255378963,100,15,"{""regressor__model__alpha"": 31.622776601683793}",0.66,log1p
1,100,rbf_krr,structure,cv,0.8132598536926194,1.1234607545283615,0.21399084361889223,100,63,"{""regressor__model__alpha"": 0.1, ""regressor__model__gamma"": 0.0031622776601683794}",0.89,log1p
1,100,xgb,structure,cv,0.9162733293633463,1.2600627193276257,0.19892791702115975,100,12,"{""regressor__model__learning_rate"": 0.03, ""regressor__model__max_depth"": 3, ""regressor__model__min_child_weight"": 5}",2.08,log1p
1,100,ridge,cm+structure,cv,0.8932099181396969,1.1765983637859379,0.15653676386454363,100,15,"{""regressor__model__alpha"": 31.622776601683793}",1.13,log1p
1,100,rbf_krr,cm+structure,cv,0.9058412811615797,1.1834204766023118,0.15018122162015635,100,63,"{""regressor__model__alpha"": 0.1, ""regressor__model__gamma"": 0.001}",1.37,log1p
1,100,xgb,cm+structure,cv,0.9697770983314514,1.346745187868914,0.22535630758493239,100,12,"{""regressor__model__learning_rate"": 0.03, ""regressor__model__max_depth"": 3, ""regressor__model__min_child_weight"": 1}",3.38,log1p
1,300,ridge,structure,cv,0.8017558980352557,1.1375996777451172,0.08190737468814242,300,15,"{""regressor__model__alpha"": 3.1622776601683795}",0.7,log1p
1,300,rbf_krr,structure,cv,0.7919089994867025,1.1381871303907227,0.08711613748909129,300,63,"{""regressor__model__alpha"": 0.01, ""regressor__model__gamma"": 0.001}",1.02,log1p
1,300,xgb,structure,cv,0.8470264937342802,1.2534824505365805,0.09499377199657656,300,12,"{""regressor__model__learning_rate"": 0.03, ""regressor__model__max_depth"": 5, ""regressor__model__min_child_weight"": 1}",5.0,log1p
1,300,ridge,cm+structure,cv,0.8244214891244784,1.1634328323520158,0.07660181228328988,300,15,"{""regressor__model__alpha"": 31.622776601683793}",1.29,log1p
1,300,rbf_krr,cm+structure,cv,0.8186041845954287,1.1804256893884282,0.06925821061286709,300,63,"{""regressor__model__alpha"": 0.01, ""regressor__model__gamma"": 0.001}",1.62,log1p
1,300,xgb,cm+structure,cv,0.8550528820988338,1.2554184435435334,0.10700053997821907,300,12,"{""regressor__model__learning_rate"": 0.03, ""regressor__model__max_depth"": 5, ""regressor__model__min_child_weight"": 1}",9.76,log1p
1,1000,ridge,structure,cv,0.7445793563622114,1.0850198325080358,0.038594403552371884,1000,15,"{""regressor__model__alpha"": 10.0}",0.79,log1p
1,1000,rbf_krr,structure,cv,0.6668289371703704,1.015814914461,0.03477340590396542,1000,63,"{""regressor__model__alpha"": 0.01, ""regressor__model__gamma"": 0.0031622776601683794}",2.86,log1p
1,1000,xgb,structure,cv,0.6960870218533828,1.0600693783852873,0.044969176715019266,1000,12,"{""regressor__model__learning_rate"": 0.03, ""regressor__model__max_depth"": 7, ""regressor__model__min_child_weight"": 5}",8.22,log1p
1,1000,ridge,cm+structure,cv,0.749806919938883,1.0879782391854271,0.03370711367553416,1000,15,"{""regressor__model__alpha"": 10.0}",1.48,log1p
1,1000,rbf_krr,cm+structure,cv,0.6923426637396812,1.0365707764300789,0.04504625577346598,1000,63,"{""regressor__model__alpha"": 0.01, ""regressor__model__gamma"": 0.0031622776601683794}",3.72,log1p
1,1000,xgb,cm+structure,cv,0.7077530093404562,1.0661047921651925,0.050868182344436706,1000,12,"{""regressor__model__learning_rate"": 0.03, ""regressor__model__max_depth"": 5, ""regressor__model__min_child_weight"": 1}",18.42,log1p
2,100,ridge,structure,cv,0.8908031068685124,1.4666411757797224,0.24802157118661577,100,15,"{""regressor__model__alpha"": 10.0}",0.66,log1p
2,100,rbf_krr,structure,cv,0.8707878387038069,1.4864913730922946,0.2543291011025369,100,63,"{""regressor__model__alpha"": 0.1, ""regressor__model__gamma"": 0.01}",0.88,log1p
2,100,xgb,structure,cv,0.9070784390983582,1.5631979491946482,0.33685669819367037,100,12,"{""regressor__model__learning_rate"": 0.03, ""regressor__model__max_depth"": 3, ""regressor__model__min_child_weight"": 5}",2.11,log1p
2,100,ridge,cm+structure,cv,0.87642730231015,1.5053394723782307,0.3134461096801333,100,15,"{""regressor__model__alpha"": 10.0}",1.17,log1p
2,100,rbf_krr,cm+structure,cv,0.8449411500518414,1.4874777848936536,0.338405993473975,100,63,"{""regressor__model__alpha"": 0.01, ""regressor__model__gamma"": 0.001}",1.38,log1p
2,100,xgb,cm+structure,cv,0.9194304506819249,1.6345268981220669,0.3650649189200068,100,12,"{""regressor__model__learning_rate"": 0.03, ""regressor__model__max_depth"": 5, ""regressor__model__min_child_weight"": 1}",3.39,log1p
2,300,ridge,structure,cv,0.8932497189062246,1.4362518849361334,0.23146607883243023,300,15,"{""regressor__model__alpha"": 31.622776601683793}",0.66,log1p
2,300,rbf_krr,structure,cv,0.8558771212504287,1.4406502540354127,0.19475822641282664,300,63,"{""regressor__model__alpha"": 0.1, ""regressor__model__gamma"": 0.01}",0.98,log1p
2,300,xgb,structure,cv,0.8734455755936106,1.4567220957758233,0.25328395573055784,300,12,"{""regressor__model__learning_rate"": 0.03, ""regressor__model__max_depth"": 5, ""regressor__model__min_child_weight"": 1}",4.62,log1p
2,300,ridge,cm+structure,cv,0.9090477772610206,1.4478643733944936,0.22059413363972027,300,15,"{""regressor__model__alpha"": 31.622776601683793}",1.36,log1p
2,300,rbf_krr,cm+structure,cv,0.8929442039631056,1.4546776534223733,0.19263059419576087,300,63,"{""regressor__model__alpha"": 0.1, ""regressor__model__gamma"": 0.0031622776601683794}",1.7,log1p
2,300,xgb,cm+structure,cv,0.8775849217597445,1.4461927910083054,0.25468253003365515,300,12,"{""regressor__model__learning_rate"": 0.03, ""regressor__model__max_depth"": 3, ""regressor__model__min_child_weight"": 5}",9.56,log1p
2,1000,ridge,structure,cv,0.7728083663535157,1.1851018019506279,0.07196581778514753,1000,15,"{""regressor__model__alpha"": 10.0}",0.83,log1p
2,1000,rbf_krr,structure,cv,0.7161181257415994,1.1260979336335633,0.054168241583621025,1000,63,"{""regressor__model__alpha"": 0.01, ""regressor__model__gamma"": 0.0031622776601683794}",2.89,log1p
2,1000,xgb,structure,cv,0.7072540663772522,1.126312989865594,0.058962169027260716,1000,12,"{""regressor__model__learning_rate"": 0.03, ""regressor__model__max_depth"": 5, ""regressor__model__min_child_weight"": 5}",8.38,log1p
2,1000,ridge,cm+structure,cv,0.7692623076246261,1.1716646983817038,0.07240668166111802,1000,15,"{""regressor__model__alpha"": 10.0}",1.58,log1p
2,1000,rbf_krr,cm+structure,cv,0.724270395779635,1.1358300981921834,0.06927772416357708,1000,63,"{""regressor__model__alpha"": 0.01, ""regressor__model__gamma"": 0.001}",3.79,log1p
2,1000,xgb,cm+structure,cv,0.7042336734983087,1.1301612716157958,0.055863982668431005,1000,12,"{""regressor__model__learning_rate"": 0.03, ""regressor__model__max_depth"": 5, ""regressor__model__min_child_weight"": 5}",18.46,log1p
