seed,n_train,model,features,df,df_se,method,train_mse,cv_mse,n_features
0,100,mean,composition,1.0,0.0,exact tr(S),3.0074176416837872,3.092754201603801,5
0,100,linear,composition,6.0,0.0,exact tr(S),1.8918748878577136,2.1582293045096432,5
0,100,ridge,composition,5.723181563643367,0.0,exact tr(S),1.8978606850872923,2.1465141287921408,5
0,100,rbf_krr,composition,23.66245177716197,0.0,exact tr(S),1.0477634097138786,1.8772444714820082,5
0,100,mean,cm,1.0,0.0,exact tr(S),3.0074176416837872,3.092754201603801,29
0,100,linear,cm,25.0,0.0,exact tr(S),1.8916803592652345,4.760704523423096,29
0,100,ridge,cm,7.306981146631135,0.0,exact tr(S),2.3067091286837793,2.6263343987718155,29
0,100,rbf_krr,cm,20.222683649085393,0.0,exact tr(S),1.5173552552321001,2.3316553560605238,29
0,100,mean,structure,1.0,0.0,exact tr(S),3.0074176416837872,3.092754201603801,31
0,100,linear,structure,31.0,0.0,exact tr(S),0.5264382426595158,1.4311818705123598,31
0,100,ridge,structure,23.018740864452866,0.0,exact tr(S),0.5867905511940364,1.0939750149031846,31
0,100,rbf_krr,structure,75.04940621973282,0.0,exact tr(S),0.050012325552866804,1.1326611154173092,31
0,100,rf,structure,63.89476862029798,2.399049186853656,Monte Carlo (Ye),0.16299516119706803,1.350083229715295,31
0,100,xgb,structure,102.55229366299663,5.026351574915652,Monte Carlo (Ye),1.162030936057956e-06,0.9628747732513002,31
0,100,mean,cm+structure,1.0,0.0,exact tr(S),3.0074176416837872,3.092754201603801,60
0,100,linear,cm+structure,55.0,0.0,exact tr(S),0.297869422915611,2.231424223103736,60
0,100,ridge,cm+structure,30.956122426158608,0.0,exact tr(S),0.5050437866341787,1.0989715956230708,60
0,100,rbf_krr,cm+structure,37.00910333216611,0.0,exact tr(S),0.42892211492636856,1.1337168230894255,60
0,100,rf,cm+structure,63.57133551905853,2.183658600427768,Monte Carlo (Ye),0.18141749891143172,1.5626102986627144,60
0,100,xgb,cm+structure,102.02714231222757,2.420648454388,Monte Carlo (Ye),3.201563466637041e-05,1.2132820677461262,60
0,300,mean,composition,1.0,0.0,exact tr(S),2.818886308951341,2.8269359195445545,5
0,300,linear,composition,6.0,0.0,exact tr(S),2.1313744031193558,2.2149450360487113,5
0,300,ridge,composition,5.280408291368457,0.0,exact tr(S),2.137866702910735,2.206432090827994,5
0,300,rbf_krr,composition,20.260459327774615,0.0,exact tr(S),1.7550351276420466,2.0608810530790675,5
0,300,mean,cm,1.0,0.0,exact tr(S),2.818886308951341,2.8269359195445545,29
0,300,linear,cm,27.0,0.0,exact tr(S),2.286988503665766,2.7209131216712117,29
0,300,ridge,cm,7.787195997228916,0.0,exact tr(S),2.4476070901403726,2.571793162562776,29
0,300,rbf_krr,cm,38.07159224135932,0.0,exact tr(S),1.6959062713593354,2.2020332403189173,29
0,300,mean,structure,1.0,0.0,exact tr(S),2.818886308951341,2.8269359195445545,31
0,300,linear,structure,32.0,0.0,exact tr(S),0.7525981840756875,1.1075110491670277,31
0,300,ridge,structure,24.485057599995905,0.0,exact tr(S),0.7734415373509383,1.0485984661214276,31
0,300,rbf_krr,structure,46.649867701709724,0.0,exact tr(S),0.6276823889151034,1.0091489895333963,31
0,300,rf,structure,187.02018678666496,3.423560520048303,Monte Carlo (Ye),0.1948081411574108,1.1622502724077262,31
0,300,xgb,structure,282.6688932788027,5.714043807654765,Monte Carlo (Ye),0.00821474703671748,1.1025966828154847,31
0,300,mean,cm+structure,1.0,0.0,exact tr(S),2.818886308951341,2.8269359195445545,60
0,300,linear,cm+structure,58.0,0.0,exact tr(S),0.6919600136732006,1.2494123021645676,60
0,300,ridge,cm+structure,34.77174366907668,0.0,exact tr(S),0.7558138369705447,1.5120300122727592,60
0,300,rbf_krr,cm+structure,73.23421602990479,0.0,exact tr(S),0.5581513069184041,1.0626446775790324,60
0,300,rf,cm+structure,187.3656406464502,5.197963928450626,Monte Carlo (Ye),0.20456443516592124,1.203221973427741,60
0,300,xgb,cm+structure,294.1159342656995,4.912005459298447,Monte Carlo (Ye),7.656158407228688e-07,1.1809722437608998,60
0,1000,mean,composition,1.0,0.0,exact tr(S),4.252244856950365,4.261793522647797,5
0,1000,linear,composition,6.0,0.0,exact tr(S),3.5057228360808543,3.5422406555676305,5
0,1000,ridge,composition,5.738777123394493,0.0,exact tr(S),3.5087945801529288,3.545273897791566,5
0,1000,rbf_krr,composition,31.441725728462583,0.0,exact tr(S),3.1541886958285836,3.324557561954217,5
0,1000,mean,cm,1.0,0.0,exact tr(S),4.252244856950365,4.261793522647797,29
0,1000,linear,cm,29.0,0.0,exact tr(S),3.732746301407307,3.8886081776110664,29
0,1000,ridge,cm,19.877852707651893,0.0,exact tr(S),3.7883789945755595,3.8795160971794944,29
0,1000,rbf_krr,cm,182.56341433411683,0.0,exact tr(S),2.1791038198566506,3.4237716211109643,29
0,1000,mean,structure,1.0,0.0,exact tr(S),4.252244856950365,4.261793522647797,31
0,1000,linear,structure,32.0,0.0,exact tr(S),2.0711585641324475,2.254525698819201,31
0,1000,ridge,structure,24.81643412157256,0.0,exact tr(S),2.16338911153957,2.29408220873458,31
0,1000,rbf_krr,structure,182.25396212682296,0.0,exact tr(S),1.173743951661922,1.9850462803592703,31
0,1000,rf,structure,488.30769279739536,2.020740066105018,Monte Carlo (Ye),0.7458014244295391,2.045281732211585,31
0,1000,xgb,structure,716.3267017304001,12.272178185344115,Monte Carlo (Ye),0.06759641636031517,1.926292341962795,31
0,1000,mean,cm+structure,1.0,0.0,exact tr(S),4.252244856950365,4.261793522647797,60
0,1000,linear,cm+structure,60.0,0.0,exact tr(S),1.982906886272703,2.280208695162807,60
0,1000,ridge,cm+structure,37.28902449415875,0.0,exact tr(S),2.14146232402228,2.309208011005383,60
0,1000,rbf_krr,cm+structure,143.79770155760565,0.0,exact tr(S),1.5692934907984177,2.2231261631450394,60
0,1000,rf,cm+structure,510.6042030026908,5.517850188713614,Monte Carlo (Ye),0.7345651820117133,2.1030554425314136,60
0,1000,xgb,cm+structure,748.7384183041953,7.155429185137109,Monte Carlo (Ye),0.046471345351432186,1.9520661222422573,60
1,100,mean,composition,1.0,0.0,exact tr(S),2.3159436065624464,2.4134821823507444,5
1,100,linear,composition,6.0,0.0,exact tr(S),1.7296790564642521,1.9071857406315078,5
1,100,ridge,composition,5.708806527317279,0.0,exact tr(S),1.726453747964,1.899423746992879,5
1,100,rbf_krr,composition,8.309301791892349,0.0,exact tr(S),1.5717331907450467,1.8221143454529165,5
1,100,mean,cm,1.0,0.0,exact tr(S),2.3159436065624464,2.4134821823507444,29
1,100,linear,cm,25.0,0.0,exact tr(S),1.691498135075124,3.3157395785476558,29
1,100,ridge,cm,4.425836486999787,0.0,exact tr(S),1.836545888740653,2.054295565272239,29
1,100,rbf_krr,cm,6.143482872064905,0.0,exact tr(S),1.774179129439702,2.0414946382753674,29
1,100,mean,structure,1.0,0.0,exact tr(S),2.3159436065624464,2.4134821823507444,31
1,100,linear,structure,32.0,0.0,exact tr(S),0.7506807549307182,1.7850027383423648,31
1,100,ridge,structure,19.953986002015597,0.0,exact tr(S),0.8665151823236523,1.251200052768227,31
1,100,rbf_krr,structure,24.59805233941662,0.0,exact tr(S),0.7812477545892902,1.259855044502253,31
1,100,rf,structure,52.97604192601406,1.7586085620091025,Monte Carlo (Ye),0.4907469759105314,1.6813691078418649,31
1,100,xgb,structure,94.81597626076518,4.970456708998606,Monte Carlo (Ye),0.0018399395072295267,1.5574308482958326,31
1,100,mean,cm+structure,1.0,0.0,exact tr(S),2.3159436065624464,2.4134821823507444,60
1,100,linear,cm+structure,56.0,0.0,exact tr(S),0.5387313040586555,3.858780351712621,60
1,100,ridge,cm+structure,22.674844611985364,0.0,exact tr(S),0.8633792323079943,1.3813055729339065,60
1,100,rbf_krr,cm+structure,21.00903416573071,0.0,exact tr(S),0.9214566111648811,1.3917349197320474,60
1,100,rf,cm+structure,66.59135498016136,2.604074781091872,Monte Carlo (Ye),0.27398003651764696,1.7615635526387186,60
1,100,xgb,cm+structure,89.77259557370849,2.928799475454944,Monte Carlo (Ye),0.008394089528806561,1.6729258231311979,60
1,300,mean,composition,1.0,0.0,exact tr(S),2.8498375084390317,2.879228900600562,5
1,300,linear,composition,6.0,0.0,exact tr(S),2.2183470734399666,2.3629729227830896,5
1,300,ridge,composition,5.237664873450488,0.0,exact tr(S),2.22073074611165,2.347535761768395,5
1,300,rbf_krr,composition,10.072420886510223,0.0,exact tr(S),1.9901041301527627,2.206679608656484,5
1,300,mean,cm,1.0,0.0,exact tr(S),2.8498375084390317,2.879228900600562,29
1,300,linear,cm,28.0,0.0,exact tr(S),2.262637084540719,2.7802205161467812,29
1,300,ridge,cm,7.912587936347979,0.0,exact tr(S),2.4098794318369277,2.5299397095910514,29
1,300,rbf_krr,cm,20.717105790282158,0.0,exact tr(S),2.0464430385614274,2.353684755158408,29
1,300,mean,structure,1.0,0.0,exact tr(S),2.8498375084390317,2.879228900600562,31
1,300,linear,structure,32.0,0.0,exact tr(S),1.028964359848968,1.3526938939075546,31
1,300,ridge,structure,24.397542133786065,0.0,exact tr(S),1.060182127635319,1.2667120844426638,31
1,300,rbf_krr,structure,47.00649045832452,0.0,exact tr(S),0.8655295641897414,1.28684215217732,31
1,300,rf,structure,189.59145711872029,2.622418673082511,Monte Carlo (Ye),0.21738383473553147,1.6093859611438748,31
1,300,xgb,structure,289.82220184872506,7.145348629306019,Monte Carlo (Ye),0.0028048710936466183,1.5643527913700006,31
1,300,mean,cm+structure,1.0,0.0,exact tr(S),2.8498375084390317,2.879228900600562,60
1,300,linear,cm+structure,59.0,0.0,exact tr(S),0.9616540509519302,1.735824997200606,60
1,300,ridge,cm+structure,35.186426495499596,0.0,exact tr(S),1.0374679624738246,1.3351642535133401,60
1,300,rbf_krr,cm+structure,84.47942626664178,0.0,exact tr(S),0.7055673563044081,1.3636257684259911,60
1,300,rf,cm+structure,193.522711850304,4.086087464585981,Monte Carlo (Ye),0.21561087906710366,1.6337930452412301,60
1,300,xgb,cm+structure,279.8396141726561,3.6588686825224515,Monte Carlo (Ye),0.003178881276620379,1.5152585303510906,60
1,1000,mean,composition,1.0,0.0,exact tr(S),2.773702079749305,2.776754407997637,5
1,1000,linear,composition,6.0,0.0,exact tr(S),2.17900072526512,2.202176872018405,5
1,1000,ridge,composition,5.738076916171885,0.0,exact tr(S),2.171557690443682,2.1927752899707875,5
1,1000,rbf_krr,composition,27.421121208877597,0.0,exact tr(S),1.8177374554957402,1.9143157959805006,5
1,1000,mean,cm,1.0,0.0,exact tr(S),2.773702079749305,2.776754407997637,29
1,1000,linear,cm,29.0,0.0,exact tr(S),2.254108116282293,2.407984237546805,29
1,1000,ridge,cm,20.06118230178178,0.0,exact tr(S),2.28193494184596,2.3802315330308366,29
1,1000,rbf_krr,cm,182.7846404399075,0.0,exact tr(S),1.3506974528807199,1.9476431838852746,29
1,1000,mean,structure,1.0,0.0,exact tr(S),2.773702079749305,2.776754407997637,31
1,1000,linear,structure,32.0,0.0,exact tr(S),1.077368595233545,1.1577745260672214,31
1,1000,ridge,structure,30.149378216964546,0.0,exact tr(S),1.0821989008214759,1.1590580167361964,31
1,1000,rbf_krr,structure,181.78744881627298,0.0,exact tr(S),0.6491930022102359,1.008426105718123,31
1,1000,rf,structure,638.3046211776157,7.845018589793899,Monte Carlo (Ye),0.16368607697972357,1.186146529250023,31
1,1000,xgb,structure,920.4455455139943,10.621486410088451,Monte Carlo (Ye),0.003795056707969703,1.1081630381304828,31
1,1000,mean,cm+structure,1.0,0.0,exact tr(S),2.773702079749305,2.776754407997637,60
1,1000,linear,cm+structure,60.0,0.0,exact tr(S),1.032274052496481,1.1710928216677352,60
1,1000,ridge,cm+structure,53.04440913879337,0.0,exact tr(S),1.0500681820148057,1.1743341871918012,60
1,1000,rbf_krr,cm+structure,350.2096049620232,0.0,exact tr(S),0.4784000186769713,1.0542948576727877,60
1,1000,rf,cm+structure,631.8814418125926,5.798105375152752,Monte Carlo (Ye),0.1697321327060818,1.2256734129766262,60
1,1000,xgb,cm+structure,736.5765850855328,16.821231745582754,Monte Carlo (Ye),0.05242406404697844,1.1344119606031606,60
2,100,mean,composition,1.0,0.0,exact tr(S),4.235228283408293,4.272354734925005,5
2,100,linear,composition,6.0,0.0,exact tr(S),3.110919032415579,3.3224798208481388,5
2,100,ridge,composition,5.7299133949896275,0.0,exact tr(S),3.108818069889819,3.298174909814534,5
2,100,rbf_krr,composition,13.383815675944577,0.0,exact tr(S),2.721952151763036,3.1183781355096647,5
2,100,mean,cm,1.0,0.0,exact tr(S),4.235228283408293,4.272354734925005,29
2,100,linear,cm,26.0,0.0,exact tr(S),3.229733068577595,5.407672894558452,29
2,100,ridge,cm,4.648678772203706,0.0,exact tr(S),3.6339221190400837,3.8348188621606583,29
2,100,rbf_krr,cm,11.176013076444585,0.0,exact tr(S),3.119240241876001,3.66768423084677,29
2,100,mean,structure,1.0,0.0,exact tr(S),4.235228283408293,4.272354734925005,31
2,100,linear,structure,31.0,0.0,exact tr(S),1.2935693380562452,2.1874149240520158,31
2,100,ridge,structure,14.38722797707295,0.0,exact tr(S),1.9462410426161207,2.2596809727788285,31
2,100,rbf_krr,structure,45.45992823844052,0.0,exact tr(S),0.9064493107299825,2.229865689011948,31
2,100,rf,structure,62.9302511006583,1.945324078426251,Monte Carlo (Ye),0.48155001469328007,2.6855855999833413,31
2,100,xgb,structure,94.09928400294679,2.1646973236316587,Monte Carlo (Ye),0.03917215388316869,2.4454089012589026,31
2,100,mean,cm+structure,1.0,0.0,exact tr(S),4.235228283408293,4.272354734925005,60
2,100,linear,cm+structure,56.0,0.0,exact tr(S),0.9781173134982366,5.538948483266055,60
2,100,ridge,cm+structure,31.13035345846997,0.0,exact tr(S),1.4728203677001368,2.271927081185886,60
2,100,rbf_krr,cm+structure,45.99530952324438,0.0,exact tr(S),1.0049027505185286,2.257163436190493,60
2,100,rf,cm+structure,63.746312741558015,1.76780055797013,Monte Carlo (Ye),0.5114617839365044,2.727587222517783,60
2,100,xgb,cm+structure,101.58510070861549,3.1192075924823155,Monte Carlo (Ye),9.63139516689004e-05,2.678825869115714,60
2,300,mean,composition,1.0,0.0,exact tr(S),3.6694302667578103,3.725322437922868,5
2,300,linear,composition,6.0,0.0,exact tr(S),2.902433491671399,3.0097171354307823,5
2,300,ridge,composition,5.27824623753908,0.0,exact tr(S),2.8730981495889054,2.9587776809498374,5
2,300,rbf_krr,composition,16.90733083305228,0.0,exact tr(S),2.457229840120345,2.733542459174357,5
2,300,mean,cm,1.0,0.0,exact tr(S),3.6694302667578103,3.725322437922868,29
2,300,linear,cm,28.0,0.0,exact tr(S),3.0053122495559372,3.542569940144785,29
2,300,ridge,cm,8.268863370883372,0.0,exact tr(S),3.157713510259284,3.3136000887386707,29
2,300,rbf_krr,cm,28.320378278048214,0.0,exact tr(S),2.5859932547619198,3.0631271831460047,29
2,300,mean,structure,1.0,0.0,exact tr(S),3.6694302667578103,3.725322437922868,31
2,300,linear,structure,31.0,0.0,exact tr(S),1.6851076726496244,2.1447321793213687,31
2,300,ridge,structure,19.580740727386477,0.0,exact tr(S),1.7655041011237116,2.036791998273799,31
2,300,rbf_krr,structure,45.36735898015997,0.0,exact tr(S),1.467194656871456,2.053034979755489,31
2,300,rf,structure,145.76747529080998,2.4728661454165675,Monte Carlo (Ye),0.727672853963382,2.1150051895106703,31
2,300,xgb,structure,295.52929033290707,4.6243216275905885,Monte Carlo (Ye),0.002893963698741167,2.149742493500181,31
2,300,mean,cm+structure,1.0,0.0,exact tr(S),3.6694302667578103,3.725322437922868,60
2,300,linear,cm+structure,58.0,0.0,exact tr(S),1.5967171703059884,5.197723883928159,60
2,300,ridge,cm+structure,34.681761350340686,0.0,exact tr(S),1.6954788697726695,2.0805723923933046,60
2,300,rbf_krr,cm+structure,73.2847096374648,0.0,exact tr(S),1.3424464621821173,2.1186864361003157,60
2,300,rf,cm+structure,157.1768111282271,2.928152455718861,Monte Carlo (Ye),0.7520856918663739,2.171235149861636,60
2,300,xgb,cm+structure,296.89463371255647,6.545080715220689,Monte Carlo (Ye),3.5255610167182676e-05,2.1696909606060033,60
2,1000,mean,composition,1.0,0.0,exact tr(S),3.052656714883257,3.06289883118471,5
2,1000,linear,composition,6.0,0.0,exact tr(S),2.4153918323497328,2.4408449284179574,5
2,1000,ridge,composition,5.730191950133682,0.0,exact tr(S),2.409199886370894,2.433238372905945,5
2,1000,rbf_krr,composition,58.7392772874577,0.0,exact tr(S),1.9554871491815085,2.151330158059457,5
2,1000,mean,cm,1.0,0.0,exact tr(S),3.052656714883257,3.06289883118471,29
2,1000,linear,cm,29.0,0.0,exact tr(S),2.5499338477987306,2.645428479840162,29
2,1000,ridge,cm,28.493923344617,0.0,exact tr(S),2.551191478880006,2.6446883335657745,29
2,1000,rbf_krr,cm,193.3188868419938,0.0,exact tr(S),1.4388904275145764,2.087484781683962,29
2,1000,mean,structure,1.0,0.0,exact tr(S),3.052656714883257,3.06289883118471,31
2,1000,linear,structure,32.0,0.0,exact tr(S),1.2614599420808763,1.368592488011727,31
2,1000,ridge,structure,28.087295774398136,0.0,exact tr(S),1.2818587008177433,1.3755681869741136,31
2,1000,rbf_krr,structure,179.89419982020306,0.0,exact tr(S),0.7975024131431805,1.2488950098637048,31
2,1000,rf,structure,493.34721419071417,6.251058802324032,Monte Carlo (Ye),0.4032136364044148,1.3477712263109354,31
2,1000,xgb,structure,686.9575275232098,12.379877798006689,Monte Carlo (Ye),0.07537272248156418,1.2605636365434303,31
2,1000,mean,cm+structure,1.0,0.0,exact tr(S),3.052656714883257,3.06289883118471,60
2,1000,linear,cm+structure,60.0,0.0,exact tr(S),1.2039217683367678,1.3594392649545535,60
2,1000,ridge,cm+structure,53.002939503009124,0.0,exact tr(S),1.2145486680784352,1.3459714411677988,60
2,1000,rbf_krr,cm+structure,151.07738561476825,0.0,exact tr(S),0.9365743016193416,1.2722746633764699,60
2,1000,rf,cm+structure,519.942212223997,4.1175712915451195,Monte Carlo (Ye),0.3809803642973279,1.359209862845002,60
2,1000,xgb,cm+structure,742.2887887491597,12.691437495582612,Monte Carlo (Ye),0.05560272938072603,1.2471313034383784,60
