model,mode,mae_D,rmse_D,rmse_below_tail_D,r2,bias_D
qkrr,exact,0.5472863459774413,0.7685867486592637,0.7685867486592637,0.5232907901639867,-0.04285935403950499
qkrr,shots only,0.5717323030046659,0.7877722823466871,0.7877722823466871,0.49919443076237147,-0.025985529082299303
qkrr,noisy,0.5501073800675177,0.7663810686607524,0.7663810686607524,0.5260229716040055,-0.014817901178288177
qkrr,"noisy, mitigated",0.5695715380484909,0.7763074129840913,0.7763074129840913,0.5136653375512132,-0.015132893181573782
pqk,exact,0.5525017539391764,0.7573384405500262,0.7573384405500262,0.5371420157874682,-0.049173731445341616
pqk,shots only,0.5564243240510479,0.7770709942744001,0.7770709942744001,0.5127081428187208,-0.0645808905685764
pqk,noisy,0.5531594034746773,0.761930990763269,0.761930990763269,0.5315113925206849,-0.06462552112975756
qridge,exact,0.5141192127054947,0.7224479770440444,0.7224479770440444,0.578807221770083,0.02672890633654953
qridge,shots only,0.5294240242129883,0.7151611709620036,0.7151611709620036,0.5872609016344589,0.04665847979044184
qridge,noisy,0.5545735709603921,0.7520393415656265,0.7520393415656265,0.5435965921386187,0.001807290899366339
