feature,block,legal,kept,reason,description
n_C,composition,True,True,,
n_H,composition,True,True,,
n_N,composition,True,True,,
n_O,composition,True,True,,
n_F,composition,True,True,,
cm_01,cm,True,True,,
cm_02,cm,True,True,,
cm_03,cm,True,True,,
cm_04,cm,True,True,,
cm_05,cm,True,True,,
cm_06,cm,True,True,,
cm_07,cm,True,True,,
cm_08,cm,True,True,,
cm_09,cm,True,True,,
cm_10,cm,True,True,,
cm_11,cm,True,True,,
cm_12,cm,True,True,,
cm_13,cm,True,True,,
cm_14,cm,True,True,,
cm_15,cm,True,True,,
cm_16,cm,True,True,,
cm_17,cm,True,True,,
cm_18,cm,True,True,,
cm_19,cm,True,True,,
cm_20,cm,True,True,,
cm_21,cm,True,True,,
cm_22,cm,True,True,,
cm_23,cm,True,True,,
cm_24,cm,True,True,,
cm_25,cm,True,True,,
cm_26,cm,True,True,,
cm_27,cm,True,True,,
cm_28,cm,True,True,,
cm_29,cm,True,True,,
radius_of_gyration,engineered,True,True,,
gyration_moment_1,engineered,True,True,,
gyration_moment_2,engineered,True,True,,
gyration_moment_3,engineered,True,True,,
max_distance,engineered,True,True,,
heteroatom_offset,engineered,True,True,,
bond_polarity_total,engineered,True,True,,
bond_dipole_norm,engineered,True,True,,
en_point_dipole,engineered,True,True,,
bonds_C-C,engineered,True,True,,
bonds_C-H,engineered,True,True,,
bonds_C-N,engineered,True,True,,
bonds_C-O,engineered,True,True,,
bonds_C-F,engineered,True,False,redundant with n_F (|ρ| = 1.0000),
bonds_H-H,engineered,True,False,zero variance in the pool,
bonds_H-N,engineered,True,True,,
bonds_H-O,engineered,True,True,,
bonds_H-F,engineered,True,False,zero variance in the pool,
bonds_N-N,engineered,True,True,,
bonds_N-O,engineered,True,True,,
bonds_N-F,engineered,True,False,zero variance in the pool,
bonds_O-O,engineered,True,False,zero variance in the pool,
bonds_O-F,engineered,True,False,zero variance in the pool,
bonds_F-F,engineered,True,False,zero variance in the pool,
triple_C-C,engineered,True,True,,
triple_C-N,engineered,True,True,,
multiple_C-N,engineered,True,True,,
double_C-O,engineered,True,True,,
double_N-O,engineered,True,True,,
n_rings,engineered,True,True,,
inertia_moment_1,engineered,True,True,,
inertia_moment_2,engineered,True,True,,
inertia_moment_3,engineered,True,True,,
alpha,dft_property,False,True,,isotropic polarizability
homo,dft_property,False,True,,highest occupied orbital energy
lumo,dft_property,False,True,,lowest unoccupied orbital energy
gap,dft_property,False,True,,lumo − homo
r2,dft_property,False,True,,electronic spatial extent ⟨R²⟩
zpve,dft_property,False,True,,zero-point vibrational energy
U0,dft_property,False,True,,internal energy at 0 K
U,dft_property,False,False,redundant with U0 (|ρ| = 1.0000),internal energy at 298.15 K
H,dft_property,False,False,redundant with U0 (|ρ| = 1.0000),enthalpy at 298.15 K
G,dft_property,False,False,redundant with U0 (|ρ| = 1.0000),free energy at 298.15 K
Cv,dft_property,False,True,,heat capacity at 298.15 K
charge_dipole_D,charge,False,True,,
max_abs_charge,charge,False,True,,
charge_separation,charge,False,True,,
freq_lowest,frequency,False,True,,
freq_highest,frequency,False,True,,
freq_mean,frequency,False,True,,
n_modes_above_2800,frequency,False,True,,
n_modes_below_500,frequency,False,True,,
