seed,n_train,model,features,eval_set,mae_D,rmse_D,mae_fold_std_D,n_eval,n_candidates,hyperparams,seconds,target,track,rmse_below_tail_D,r2,bias_D,fit_seconds,details
0,100,ridge,structure+,cv,0.6197265113391706,0.8581061894264013,0.09182145833052896,100,15.0,"{""regressor__model__alpha"": 31.622776601683793}",1.29,standard,B,,,,,
0,100,rbf_krr,structure+,cv,0.589204005729686,0.8589922643644629,0.13530114765317436,100,63.0,"{""regressor__model__alpha"": 0.1, ""regressor__model__gamma"": 0.005966561622959206}",1.3,standard,B,,,,,
0,100,xgb,structure+,cv,0.607676872045517,0.852306102910661,0.13776472221259495,100,12.0,"{""regressor__model__learning_rate"": 0.03, ""regressor__model__max_depth"": 5, ""regressor__model__min_child_weight"": 5}",4.48,standard,B,,,,,
0,100,ridge,all_legal,cv,0.6731810775950613,0.9397149441399292,0.15612925201525912,100,15.0,"{""regressor__model__alpha"": 31.622776601683793}",3.75,standard,B,,,,,
0,100,rbf_krr,all_legal,cv,0.6628251768712423,0.9308783367022853,0.15764223660773455,100,63.0,"{""regressor__model__alpha"": 0.01, ""regressor__model__gamma"": 0.00016820625851959463}",3.66,standard,B,,,,,
0,100,xgb,all_legal,cv,0.6296112860641478,0.851872878995699,0.13802663514489125,100,12.0,"{""regressor__model__learning_rate"": 0.03, ""regressor__model__max_depth"": 3, ""regressor__model__min_child_weight"": 5}",10.56,standard,B,,,,,
0,300,ridge,structure+,cv,0.5353830626234628,0.7707726129403618,0.04619914541433504,300,15.0,"{""regressor__model__alpha"": 10.0}",1.21,standard,B,,,,,
0,300,rbf_krr,structure+,cv,0.48281889888755414,0.7413094201746536,0.08597961460843703,300,63.0,"{""regressor__model__alpha"": 0.1, ""regressor__model__gamma"": 0.005966561622959206}",1.61,standard,B,,,,,
0,300,xgb,structure+,cv,0.5374702883733111,0.801469669170935,0.06765290131150001,300,12.0,"{""regressor__model__learning_rate"": 0.1, ""regressor__model__max_depth"": 3, ""regressor__model__min_child_weight"": 1}",8.4,standard,B,,,,,
0,300,ridge,all_legal,cv,0.503510136080298,0.7349791771810861,0.057609780707974595,300,15.0,"{""regressor__model__alpha"": 10.0}",3.8,standard,B,,,,,
0,300,rbf_krr,all_legal,cv,0.4553973477466411,0.6909743668102315,0.050225907504360526,300,63.0,"{""regressor__model__alpha"": 0.01, ""regressor__model__gamma"": 0.0005319148936170213}",3.89,standard,B,,,,,
0,300,xgb,all_legal,cv,0.5162822362664539,0.7467675648486227,0.05611221790311594,300,12.0,"{""regressor__model__learning_rate"": 0.03, ""regressor__model__max_depth"": 3, ""regressor__model__min_child_weight"": 1}",29.17,standard,B,,,,,
0,1000,ridge,structure+,cv,0.5141878472954944,0.7436511517907223,0.020229943079198943,1000,15.0,"{""regressor__model__alpha"": 10.0}",1.18,standard,B,,,,,
0,1000,rbf_krr,structure+,cv,0.4640538171030162,0.7135251515642812,0.02186590190078557,1000,63.0,"{""regressor__model__alpha"": 0.1, ""regressor__model__gamma"": 0.005966561622959206}",3.51,standard,B,,,,,
0,1000,xgb,structure+,cv,0.4698689542675024,0.6984851664383017,0.032755575673255016,1000,12.0,"{""regressor__model__learning_rate"": 0.03, ""regressor__model__max_depth"": 5, ""regressor__model__min_child_weight"": 1}",10.21,standard,B,,,,,
0,1000,ridge,all_legal,cv,0.5064818170014614,0.74018878621101,0.033254938189563724,1000,15.0,"{""regressor__model__alpha"": 31.622776601683793}",4.64,standard,B,,,,,
0,1000,rbf_krr,all_legal,cv,0.4578642271503363,0.6982100123455138,0.019844981491031696,1000,63.0,"{""regressor__model__alpha"": 0.01, ""regressor__model__gamma"": 0.0016820625851959464}",7.25,standard,B,,,,,
0,1000,xgb,all_legal,cv,0.4664109753557207,0.7014987747316332,0.019689715070895803,1000,12.0,"{""regressor__model__learning_rate"": 0.03, ""regressor__model__max_depth"": 5, ""regressor__model__min_child_weight"": 1}",57.33,standard,B,,,,,
1,100,ridge,structure+,cv,0.8108783195269492,1.1037090814871113,0.19663213027823462,100,15.0,"{""regressor__model__alpha"": 31.622776601683793}",0.83,standard,B,,,,,
1,100,rbf_krr,structure+,cv,0.7558131382584047,1.0478208795519643,0.1616560959989133,100,63.0,"{""regressor__model__alpha"": 0.1, ""regressor__model__gamma"": 0.005966561622959206}",1.02,standard,B,,,,,
1,100,xgb,structure+,cv,0.7913047967205045,1.0313419018778112,0.19198303959444246,100,12.0,"{""regressor__model__learning_rate"": 0.1, ""regressor__model__max_depth"": 3, ""regressor__model__min_child_weight"": 1}",2.63,standard,B,,,,,
1,100,ridge,all_legal,cv,0.8736288970633964,1.1615297629781078,0.1772172465750301,100,15.0,"{""regressor__model__alpha"": 31.622776601683793}",3.04,standard,B,,,,,
1,100,rbf_krr,all_legal,cv,0.8651886814880015,1.139138132602351,0.17256285750485204,100,63.0,"{""regressor__model__alpha"": 0.1, ""regressor__model__gamma"": 0.0016820625851959464}",3.28,standard,B,,,,,
1,100,xgb,all_legal,cv,0.8819448292369837,1.1727559699211285,0.21814629009987108,100,12.0,"{""regressor__model__learning_rate"": 0.1, ""regressor__model__max_depth"": 3, ""regressor__model__min_child_weight"": 5}",9.6,standard,B,,,,,
1,300,ridge,structure+,cv,0.6286187014273736,0.9605526181589166,0.047357838203579,300,15.0,"{""regressor__model__alpha"": 31.622776601683793}",0.91,standard,B,,,,,
1,300,rbf_krr,structure+,cv,0.5960077025483802,0.9336173188469312,0.047177675273796064,300,63.0,"{""regressor__model__alpha"": 0.1, ""regressor__model__gamma"": 0.0018867924528301887}",1.2,standard,B,,,,,
1,300,xgb,structure+,cv,0.608294063952764,0.931065543404482,0.062081489417360976,300,12.0,"{""regressor__model__learning_rate"": 0.1, ""regressor__model__max_depth"": 7, ""regressor__model__min_child_weight"": 5}",6.04,standard,B,,,,,
1,300,ridge,all_legal,cv,0.6616004655457707,0.9910230200001428,0.07197686645312859,300,15.0,"{""regressor__model__alpha"": 100.0}",3.56,standard,B,,,,,
1,300,rbf_krr,all_legal,cv,0.6284611927004349,0.9727740554948442,0.064691255683073,300,63.0,"{""regressor__model__alpha"": 0.01, ""regressor__model__gamma"": 0.0005319148936170213}",3.87,standard,B,,,,,
1,300,xgb,all_legal,cv,0.6400862402350107,0.9709198708349646,0.07200155375555566,300,12.0,"{""regressor__model__learning_rate"": 0.03, ""regressor__model__max_depth"": 7, ""regressor__model__min_child_weight"": 1}",29.87,standard,B,,,,,
1,1000,ridge,structure+,cv,0.5401233115974452,0.7734574178746466,0.018585421236328826,1000,15.0,"{""regressor__model__alpha"": 31.622776601683793}",1.14,standard,B,,,,,
1,1000,rbf_krr,structure+,cv,0.4663846495569302,0.6992649783502566,0.013647853436753211,1000,63.0,"{""regressor__model__alpha"": 0.01, ""regressor__model__gamma"": 0.0018867924528301887}",3.49,standard,B,,,,,
1,1000,xgb,structure+,cv,0.47957414097499823,0.7360376420436385,0.023213934988654785,1000,12.0,"{""regressor__model__learning_rate"": 0.03, ""regressor__model__max_depth"": 7, ""regressor__model__min_child_weight"": 1}",11.78,standard,B,,,,,
1,1000,ridge,all_legal,cv,0.546285800589183,0.8256796048599759,0.026412314856920926,1000,15.0,"{""regressor__model__alpha"": 31.622776601683793}",4.59,standard,B,,,,,
1,1000,rbf_krr,all_legal,cv,0.49175543851924625,0.742123006087931,0.013008260938342528,1000,63.0,"{""regressor__model__alpha"": 0.01, ""regressor__model__gamma"": 0.0016820625851959464}",7.25,standard,B,,,,,
1,1000,xgb,all_legal,cv,0.4975963492738725,0.755112256203846,0.02533932278198943,1000,12.0,"{""regressor__model__learning_rate"": 0.03, ""regressor__model__max_depth"": 5, ""regressor__model__min_child_weight"": 1}",63.08,standard,B,,,,,
2,100,ridge,structure+,cv,0.5594326990872956,0.7824202022144022,0.12831916817477834,100,15.0,"{""regressor__model__alpha"": 31.622776601683793}",0.83,standard,B,,,,,
2,100,rbf_krr,structure+,cv,0.5066318279607903,0.7424110221972103,0.1215942770136888,100,63.0,"{""regressor__model__alpha"": 0.1, ""regressor__model__gamma"": 0.005966561622959206}",1.01,standard,B,,,,,
2,100,xgb,structure+,cv,0.550129864976883,0.7386182415704186,0.11130491313887116,100,12.0,"{""regressor__model__learning_rate"": 0.03, ""regressor__model__max_depth"": 3, ""regressor__model__min_child_weight"": 5}",2.62,standard,B,,,,,
2,100,ridge,all_legal,cv,0.6378911168108715,0.8664856861580983,0.16872144523381738,100,15.0,"{""regressor__model__alpha"": 31.622776601683793}",3.24,standard,B,,,,,
2,100,rbf_krr,all_legal,cv,0.6162722130847612,0.8534986544306499,0.1364456572298522,100,63.0,"{""regressor__model__alpha"": 0.1, ""regressor__model__gamma"": 0.0016820625851959464}",3.37,standard,B,,,,,
2,100,xgb,all_legal,cv,0.6224526308631899,0.835910125961351,0.09253312276492981,100,12.0,"{""regressor__model__learning_rate"": 0.1, ""regressor__model__max_depth"": 7, ""regressor__model__min_child_weight"": 5}",9.25,standard,B,,,,,
2,300,ridge,structure+,cv,0.5703015145397035,0.8486885416149076,0.03402439388632805,300,15.0,"{""regressor__model__alpha"": 31.622776601683793}",1.0,standard,B,,,,,
2,300,rbf_krr,structure+,cv,0.536045804028602,0.8408975042515661,0.05478079167325507,300,63.0,"{""regressor__model__alpha"": 0.1, ""regressor__model__gamma"": 0.005966561622959206}",1.32,standard,B,,,,,
2,300,xgb,structure+,cv,0.5567925735181171,0.8707243067027386,0.0524657468940199,300,12.0,"{""regressor__model__learning_rate"": 0.03, ""regressor__model__max_depth"": 5, ""regressor__model__min_child_weight"": 1}",6.27,standard,B,,,,,
2,300,ridge,all_legal,cv,0.5901631758863105,0.9032603510883805,0.06797190384037538,300,15.0,"{""regressor__model__alpha"": 31.622776601683793}",3.88,standard,B,,,,,
2,300,rbf_krr,all_legal,cv,0.5439096846001147,0.8528844998316072,0.08769987279121343,300,63.0,"{""regressor__model__alpha"": 0.01, ""regressor__model__gamma"": 0.0016820625851959464}",4.14,standard,B,,,,,
2,300,xgb,all_legal,cv,0.5757414504839573,0.9058608767046686,0.033424206191706225,300,12.0,"{""regressor__model__learning_rate"": 0.1, ""regressor__model__max_depth"": 3, ""regressor__model__min_child_weight"": 1}",29.08,standard,B,,,,,
2,1000,ridge,structure+,cv,0.4855322769495666,0.6916374525770056,0.03258577658122159,1000,15.0,"{""regressor__model__alpha"": 0.0001}",1.16,standard,B,,,,,
2,1000,rbf_krr,structure+,cv,0.45944565488563827,0.6794120642992121,0.028055129341592957,1000,63.0,"{""regressor__model__alpha"": 0.01, ""regressor__model__gamma"": 0.0005966561622959206}",3.43,standard,B,,,,,
2,1000,xgb,structure+,cv,0.4557553128562923,0.6839768208004011,0.024799268122769794,1000,12.0,"{""regressor__model__learning_rate"": 0.03, ""regressor__model__max_depth"": 5, ""regressor__model__min_child_weight"": 1}",10.71,standard,B,,,,,
2,1000,ridge,all_legal,cv,0.4864656956382257,0.7083604810942103,0.0239077307932327,1000,15.0,"{""regressor__model__alpha"": 31.622776601683793}",4.48,standard,B,,,,,
2,1000,rbf_krr,all_legal,cv,0.45516701631312617,0.6884509417840856,0.02354183999355742,1000,63.0,"{""regressor__model__alpha"": 0.01, ""regressor__model__gamma"": 0.0005319148936170213}",7.12,standard,B,,,,,
2,1000,xgb,all_legal,cv,0.4572078048618319,0.6886640253730799,0.027642269724192706,1000,12.0,"{""regressor__model__learning_rate"": 0.03, ""regressor__model__max_depth"": 5, ""regressor__model__min_child_weight"": 1}",62.38,standard,B,,,,,
0,100,ridge,structure+,cv,0.6035621467479703,0.8468203927583292,0.09894561239036181,100,15.0,"{""regressor__model__alpha"": 31.622776601683793}",0.91,sqrt,B,,,,,
0,100,rbf_krr,structure+,cv,0.5841190655842285,0.8369822831249314,0.10603758222844005,100,63.0,"{""regressor__model__alpha"": 0.1, ""regressor__model__gamma"": 0.0018867924528301887}",1.06,sqrt,B,,,,,
0,100,xgb,structure+,cv,0.5888546448612214,0.8192584260671439,0.14975651943753146,100,12.0,"{""regressor__model__learning_rate"": 0.03, ""regressor__model__max_depth"": 3, ""regressor__model__min_child_weight"": 1}",2.58,sqrt,B,,,,,
0,100,ridge,all_legal,cv,0.653558140616467,0.9205862756258021,0.16154243276379152,100,15.0,"{""regressor__model__alpha"": 31.622776601683793}",3.05,sqrt,B,,,,,
0,100,rbf_krr,all_legal,cv,0.649671566586587,0.9133840346817721,0.15848866766810785,100,63.0,"{""regressor__model__alpha"": 0.01, ""regressor__model__gamma"": 0.00016820625851959463}",3.3,sqrt,B,,,,,
0,100,xgb,all_legal,cv,0.6347318783407211,0.8710561002846019,0.14572284260432875,100,12.0,"{""regressor__model__learning_rate"": 0.03, ""regressor__model__max_depth"": 3, ""regressor__model__min_child_weight"": 5}",9.09,sqrt,B,,,,,
0,300,ridge,structure+,cv,0.5116778230247575,0.7411538570980754,0.04910765135547278,300,15.0,"{""regressor__model__alpha"": 31.622776601683793}",0.94,sqrt,B,,,,,
0,300,rbf_krr,structure+,cv,0.469550743502296,0.7251862112869853,0.08362899110853793,300,63.0,"{""regressor__model__alpha"": 0.1, ""regressor__model__gamma"": 0.005966561622959206}",1.25,sqrt,B,,,,,
0,300,xgb,structure+,cv,0.5279321449780463,0.7961150928144514,0.08089287335828432,300,12.0,"{""regressor__model__learning_rate"": 0.03, ""regressor__model__max_depth"": 3, ""regressor__model__min_child_weight"": 1}",6.21,sqrt,B,,,,,
0,300,ridge,all_legal,cv,0.4817314740355501,0.736111545580987,0.06406774528968097,300,15.0,"{""regressor__model__alpha"": 10.0}",3.55,sqrt,B,,,,,
0,300,rbf_krr,all_legal,cv,0.4258142609843179,0.6367027434699551,0.04072150701356574,300,63.0,"{""regressor__model__alpha"": 0.01, ""regressor__model__gamma"": 0.0005319148936170213}",3.97,sqrt,B,,,,,
0,300,xgb,all_legal,cv,0.5413209970102312,0.7989897390730967,0.06669794383160034,300,12.0,"{""regressor__model__learning_rate"": 0.03, ""regressor__model__max_depth"": 3, ""regressor__model__min_child_weight"": 1}",29.78,sqrt,B,,,,,
0,1000,ridge,structure+,cv,0.4970469396639224,0.7252326943070478,0.025179926254045627,1000,15.0,"{""regressor__model__alpha"": 10.0}",1.24,sqrt,B,,,,,
0,1000,rbf_krr,structure+,cv,0.4596897832827879,0.7195331564658799,0.025360749241888005,1000,63.0,"{""regressor__model__alpha"": 0.1, ""regressor__model__gamma"": 0.005966561622959206}",3.58,sqrt,B,,,,,
0,1000,xgb,structure+,cv,0.4659783302698139,0.7049421261058015,0.0363911646176117,1000,12.0,"{""regressor__model__learning_rate"": 0.03, ""regressor__model__max_depth"": 5, ""regressor__model__min_child_weight"": 1}",10.99,sqrt,B,,,,,
0,1000,ridge,all_legal,cv,0.49262011918355486,0.7268527143586017,0.034024184470973155,1000,15.0,"{""regressor__model__alpha"": 31.622776601683793}",4.57,sqrt,B,,,,,
0,1000,rbf_krr,all_legal,cv,0.4583235346424621,0.6965160446907251,0.024883768019513523,1000,63.0,"{""regressor__model__alpha"": 0.01, ""regressor__model__gamma"": 0.0016820625851959464}",7.34,sqrt,B,,,,,
0,1000,xgb,all_legal,cv,0.46611213215453645,0.7112471791487491,0.021680894617426432,1000,12.0,"{""regressor__model__learning_rate"": 0.03, ""regressor__model__max_depth"": 5, ""regressor__model__min_child_weight"": 1}",67.74,sqrt,B,,,,,
1,100,ridge,structure+,cv,0.8469402990924638,1.1411188958903007,0.20645768961116737,100,15.0,"{""regressor__model__alpha"": 31.622776601683793}",0.89,sqrt,B,,,,,
1,100,rbf_krr,structure+,cv,0.765617282468247,1.0702538898035796,0.1516164294338097,100,63.0,"{""regressor__model__alpha"": 0.1, ""regressor__model__gamma"": 0.005966561622959206}",1.02,sqrt,B,,,,,
1,100,xgb,structure+,cv,0.8268590177221298,1.0956526004727345,0.24410788690399274,100,12.0,"{""regressor__model__learning_rate"": 0.03, ""regressor__model__max_depth"": 3, ""regressor__model__min_child_weight"": 1}",2.63,sqrt,B,,,,,
1,100,ridge,all_legal,cv,0.8989066473565335,1.214081179775141,0.1705681910988617,100,15.0,"{""regressor__model__alpha"": 31.622776601683793}",3.14,sqrt,B,,,,,
1,100,rbf_krr,all_legal,cv,0.8712771694715106,1.1607398207405915,0.16608698296657093,100,63.0,"{""regressor__model__alpha"": 0.1, ""regressor__model__gamma"": 0.0016820625851959464}",3.46,sqrt,B,,,,,
1,100,xgb,all_legal,cv,0.8939183847002978,1.1433443062245818,0.23980362754580142,100,12.0,"{""regressor__model__learning_rate"": 0.03, ""regressor__model__max_depth"": 3, ""regressor__model__min_child_weight"": 1}",9.99,sqrt,B,,,,,
1,300,ridge,structure+,cv,0.6052213986125824,0.9463126054006352,0.054472175805535296,300,15.0,"{""regressor__model__alpha"": 31.622776601683793}",1.45,sqrt,B,,,,,
1,300,rbf_krr,structure+,cv,0.5794320599406767,0.920396665528808,0.058865903954143754,300,63.0,"{""regressor__model__alpha"": 0.1, ""regressor__model__gamma"": 0.0018867924528301887}",1.78,sqrt,B,,,,,
1,300,xgb,structure+,cv,0.6049524913899104,0.9281146844182306,0.04584967103567559,300,12.0,"{""regressor__model__learning_rate"": 0.03, ""regressor__model__max_depth"": 7, ""regressor__model__min_child_weight"": 5}",6.6,sqrt,B,,,,,
1,300,ridge,all_legal,cv,0.6363981876533654,0.964322738381037,0.07418521603453745,300,15.0,"{""regressor__model__alpha"": 31.622776601683793}",3.83,sqrt,B,,,,,
1,300,rbf_krr,all_legal,cv,0.6050576148471253,0.9443504557747379,0.06925944226604171,300,63.0,"{""regressor__model__alpha"": 0.01, ""regressor__model__gamma"": 0.0005319148936170213}",4.31,sqrt,B,,,,,
1,300,xgb,all_legal,cv,0.6378026685009003,0.9486984475700234,0.0642053080836591,300,12.0,"{""regressor__model__learning_rate"": 0.03, ""regressor__model__max_depth"": 7, ""regressor__model__min_child_weight"": 1}",30.72,sqrt,B,,,,,
1,1000,ridge,structure+,cv,0.5281002429860074,0.7590132480569477,0.028963795292323874,1000,15.0,"{""regressor__model__alpha"": 3.1622776601683795}",1.15,sqrt,B,,,,,
1,1000,rbf_krr,structure+,cv,0.46362051137853116,0.6947554046195833,0.014191439239169311,1000,63.0,"{""regressor__model__alpha"": 0.01, ""regressor__model__gamma"": 0.0018867924528301887}",3.65,sqrt,B,,,,,
1,1000,xgb,structure+,cv,0.4854439549957036,0.766446069667801,0.035614007094881044,1000,12.0,"{""regressor__model__learning_rate"": 0.03, ""regressor__model__max_depth"": 5, ""regressor__model__min_child_weight"": 1}",12.21,sqrt,B,,,,,
1,1000,ridge,all_legal,cv,0.5411760303575438,0.8025936870627411,0.026375786831617103,1000,15.0,"{""regressor__model__alpha"": 100.0}",4.74,sqrt,B,,,,,
1,1000,rbf_krr,all_legal,cv,0.4776341429780979,0.7140235208356083,0.010065682360776236,1000,63.0,"{""regressor__model__alpha"": 0.01, ""regressor__model__gamma"": 0.0005319148936170213}",8.3,sqrt,B,,,,,
1,1000,xgb,all_legal,cv,0.5055146347855803,0.7736759869840991,0.0345280554502257,1000,12.0,"{""regressor__model__learning_rate"": 0.03, ""regressor__model__max_depth"": 7, ""regressor__model__min_child_weight"": 1}",64.95,sqrt,B,,,,,
2,100,ridge,structure+,cv,0.5785409781983638,0.8434395444113327,0.15896781421139747,100,15.0,"{""regressor__model__alpha"": 10.0}",0.82,sqrt,B,,,,,
2,100,rbf_krr,structure+,cv,0.5132735368747772,0.7585544897536544,0.13924905113757383,100,63.0,"{""regressor__model__alpha"": 0.1, ""regressor__model__gamma"": 0.005966561622959206}",1.05,sqrt,B,,,,,
2,100,xgb,structure+,cv,0.564725821920395,0.7775337319639481,0.1147579466487203,100,12.0,"{""regressor__model__learning_rate"": 0.03, ""regressor__model__max_depth"": 3, ""regressor__model__min_child_weight"": 1}",2.71,sqrt,B,,,,,
2,100,ridge,all_legal,cv,0.662040754832114,0.9121056953431217,0.18330611985676534,100,15.0,"{""regressor__model__alpha"": 31.622776601683793}",3.26,sqrt,B,,,,,
2,100,rbf_krr,all_legal,cv,0.6182803176878083,0.8754318044129555,0.1439980912999949,100,63.0,"{""regressor__model__alpha"": 0.1, ""regressor__model__gamma"": 0.0016820625851959464}",3.44,sqrt,B,,,,,
2,100,xgb,all_legal,cv,0.6394093410472871,0.8595797999986884,0.1352081098513785,100,12.0,"{""regressor__model__learning_rate"": 0.03, ""regressor__model__max_depth"": 5, ""regressor__model__min_child_weight"": 5}",9.19,sqrt,B,,,,,
2,300,ridge,structure+,cv,0.5696050065193077,0.8528720182375452,0.04655069396358556,300,15.0,"{""regressor__model__alpha"": 31.622776601683793}",1.01,sqrt,B,,,,,
2,300,rbf_krr,structure+,cv,0.5337611346318946,0.841782286509742,0.06077981342090168,300,63.0,"{""regressor__model__alpha"": 0.1, ""regressor__model__gamma"": 0.005966561622959206}",1.33,sqrt,B,,,,,
2,300,xgb,structure+,cv,0.5636878885814344,0.8721745243317872,0.06886301831142841,300,12.0,"{""regressor__model__learning_rate"": 0.03, ""regressor__model__max_depth"": 5, ""regressor__model__min_child_weight"": 1}",6.32,sqrt,B,,,,,
2,300,ridge,all_legal,cv,0.6045750110818024,0.9181350598305491,0.07354871177215,300,15.0,"{""regressor__model__alpha"": 31.622776601683793}",3.85,sqrt,B,,,,,
2,300,rbf_krr,all_legal,cv,0.5658640540927264,0.8688601725429541,0.06900801900560621,300,63.0,"{""regressor__model__alpha"": 0.01, ""regressor__model__gamma"": 0.0016820625851959464}",4.22,sqrt,B,,,,,
2,300,xgb,all_legal,cv,0.5742600142318401,0.8896876899734667,0.04016345080955015,300,12.0,"{""regressor__model__learning_rate"": 0.1, ""regressor__model__max_depth"": 3, ""regressor__model__min_child_weight"": 1}",31.36,sqrt,B,,,,,
2,1000,ridge,structure+,cv,0.4809830116718672,0.6879005998065506,0.02660133798239686,1000,15.0,"{""regressor__model__alpha"": 0.0001}",1.51,sqrt,B,,,,,
2,1000,rbf_krr,structure+,cv,0.45418180139667785,0.6733646074130039,0.021907130334572478,1000,63.0,"{""regressor__model__alpha"": 0.01, ""regressor__model__gamma"": 0.0005966561622959206}",4.02,sqrt,B,,,,,
2,1000,xgb,structure+,cv,0.46033840543872084,0.678414383500371,0.0073298528877138655,1000,12.0,"{""regressor__model__learning_rate"": 0.03, ""regressor__model__max_depth"": 5, ""regressor__model__min_child_weight"": 1}",12.01,sqrt,B,,,,,
2,1000,ridge,all_legal,cv,0.4788064949888046,0.6983030617926215,0.02462941518832939,1000,15.0,"{""regressor__model__alpha"": 31.622776601683793}",4.51,sqrt,B,,,,,
2,1000,rbf_krr,all_legal,cv,0.4503338646566538,0.6797567496106606,0.02774109011714245,1000,63.0,"{""regressor__model__alpha"": 0.01, ""regressor__model__gamma"": 0.0005319148936170213}",7.36,sqrt,B,,,,,
2,1000,xgb,all_legal,cv,0.4594046677170397,0.6929538823804208,0.020893261686104128,1000,12.0,"{""regressor__model__learning_rate"": 0.03, ""regressor__model__max_depth"": 5, ""regressor__model__min_child_weight"": 1}",71.39,sqrt,B,,,,,
0,100,ridge,structure+,cv,0.6048578484623216,0.8502699995687358,0.10019767208663635,100,15.0,"{""regressor__model__alpha"": 31.622776601683793}",0.91,log1p,B,,,,,
0,100,rbf_krr,structure+,cv,0.5867627484997477,0.8393409475908227,0.10760453936863208,100,63.0,"{""regressor__model__alpha"": 0.1, ""regressor__model__gamma"": 0.0018867924528301887}",1.16,log1p,B,,,,,
0,100,xgb,structure+,cv,0.600417228427887,0.8190981045865348,0.1405672760189901,100,12.0,"{""regressor__model__learning_rate"": 0.03, ""regressor__model__max_depth"": 3, ""regressor__model__min_child_weight"": 1}",2.67,log1p,B,,,,,
0,100,ridge,all_legal,cv,0.6585407610032438,0.9242097813242568,0.1632433589046479,100,15.0,"{""regressor__model__alpha"": 31.622776601683793}",3.16,log1p,B,,,,,
0,100,rbf_krr,all_legal,cv,0.6547055025324303,0.9166979930602505,0.1592580926252149,100,63.0,"{""regressor__model__alpha"": 0.01, ""regressor__model__gamma"": 0.00016820625851959463}",3.26,log1p,B,,,,,
0,100,xgb,all_legal,cv,0.6457136970686912,0.8890778400022565,0.14293531581674895,100,12.0,"{""regressor__model__learning_rate"": 0.03, ""regressor__model__max_depth"": 5, ""regressor__model__min_child_weight"": 5}",9.09,log1p,B,,,,,
0,300,ridge,structure+,cv,0.5100591869674324,0.7330940042690839,0.04712512719872396,300,15.0,"{""regressor__model__alpha"": 31.622776601683793}",0.94,log1p,B,,,,,
0,300,rbf_krr,structure+,cv,0.4654588064233771,0.7263030166475987,0.08403380824700696,300,63.0,"{""regressor__model__alpha"": 0.1, ""regressor__model__gamma"": 0.005966561622959206}",1.25,log1p,B,,,,,
0,300,xgb,structure+,cv,0.5370641476244926,0.8128425423068716,0.07473927427005468,300,12.0,"{""regressor__model__learning_rate"": 0.03, ""regressor__model__max_depth"": 3, ""regressor__model__min_child_weight"": 1}",6.42,log1p,B,,,,,
0,300,ridge,all_legal,cv,0.4853369653465636,0.7841793429729956,0.06878242029885925,300,15.0,"{""regressor__model__alpha"": 10.0}",3.58,log1p,B,,,,,
0,300,rbf_krr,all_legal,cv,0.4300314024456044,0.6319701776178869,0.03998223867582608,300,63.0,"{""regressor__model__alpha"": 0.01, ""regressor__model__gamma"": 0.0005319148936170213}",3.94,log1p,B,,,,,
0,300,xgb,all_legal,cv,0.5481005342979433,0.8139164859614613,0.06528521973629195,300,12.0,"{""regressor__model__learning_rate"": 0.03, ""regressor__model__max_depth"": 3, ""regressor__model__min_child_weight"": 1}",30.81,log1p,B,,,,,
0,1000,ridge,structure+,cv,0.5011606291413037,0.7279870456603811,0.028473333442629343,1000,15.0,"{""regressor__model__alpha"": 10.0}",1.18,log1p,B,,,,,
0,1000,rbf_krr,structure+,cv,0.46271076022763646,0.7300551859058327,0.027225594298423247,1000,63.0,"{""regressor__model__alpha"": 0.1, ""regressor__model__gamma"": 0.005966561622959206}",3.47,log1p,B,,,,,
0,1000,xgb,structure+,cv,0.4665304652076484,0.7153106906063157,0.030352810746863083,1000,12.0,"{""regressor__model__learning_rate"": 0.03, ""regressor__model__max_depth"": 5, ""regressor__model__min_child_weight"": 1}",11.22,log1p,B,,,,,
0,1000,ridge,all_legal,cv,0.49996114819527393,0.7333713876708136,0.03302553318072238,1000,15.0,"{""regressor__model__alpha"": 31.622776601683793}",4.48,log1p,B,,,,,
0,1000,rbf_krr,all_legal,cv,0.46436058803836494,0.6849956994800792,0.029199398872495685,1000,63.0,"{""regressor__model__alpha"": 0.01, ""regressor__model__gamma"": 0.0005319148936170213}",7.24,log1p,B,,,,,
0,1000,xgb,all_legal,cv,0.47356390784566404,0.749859733394079,0.02833920603731482,1000,12.0,"{""regressor__model__learning_rate"": 0.03, ""regressor__model__max_depth"": 5, ""regressor__model__min_child_weight"": 1}",67.31,log1p,B,,,,,
1,100,ridge,structure+,cv,0.8789636066144301,1.1813934600132587,0.22402743468582378,100,15.0,"{""regressor__model__alpha"": 31.622776601683793}",0.85,log1p,B,,,,,
1,100,rbf_krr,structure+,cv,0.7753355190801475,1.0874752858260213,0.15283102285205408,100,63.0,"{""regressor__model__alpha"": 0.1, ""regressor__model__gamma"": 0.005966561622959206}",1.02,log1p,B,,,,,
1,100,xgb,structure+,cv,0.8302979104108811,1.1232894843943133,0.28883424724814677,100,12.0,"{""regressor__model__learning_rate"": 0.1, ""regressor__model__max_depth"": 3, ""regressor__model__min_child_weight"": 5}",2.69,log1p,B,,,,,
1,100,ridge,all_legal,cv,0.9318183959959938,1.2674831006788123,0.18202093184378945,100,15.0,"{""regressor__model__alpha"": 31.622776601683793}",3.06,log1p,B,,,,,
1,100,rbf_krr,all_legal,cv,0.8802283014046022,1.1804847501267273,0.16755255778256375,100,63.0,"{""regressor__model__alpha"": 0.1, ""regressor__model__gamma"": 0.0016820625851959464}",3.32,log1p,B,,,,,
1,100,xgb,all_legal,cv,0.9084830691623681,1.1635828732090454,0.23259159737035634,100,12.0,"{""regressor__model__learning_rate"": 0.03, ""regressor__model__max_depth"": 3, ""regressor__model__min_child_weight"": 1}",9.43,log1p,B,,,,,
1,300,ridge,structure+,cv,0.6112373922390885,0.9550084731354116,0.06156661937064025,300,15.0,"{""regressor__model__alpha"": 31.622776601683793}",0.87,log1p,B,,,,,
1,300,rbf_krr,structure+,cv,0.5775966269291266,0.9196449586912616,0.07785986987245312,300,63.0,"{""regressor__model__alpha"": 0.1, ""regressor__model__gamma"": 0.005966561622959206}",1.19,log1p,B,,,,,
1,300,xgb,structure+,cv,0.6135175008934339,0.9527535661540235,0.02672791429555462,300,12.0,"{""regressor__model__learning_rate"": 0.03, ""regressor__model__max_depth"": 5, ""regressor__model__min_child_weight"": 1}",6.37,log1p,B,,,,,
1,300,ridge,all_legal,cv,0.6378414511554934,0.9694036458540967,0.07641927856338795,300,15.0,"{""regressor__model__alpha"": 31.622776601683793}",3.48,log1p,B,,,,,
1,300,rbf_krr,all_legal,cv,0.6034819417202456,0.9464204912202603,0.0742823999374472,300,63.0,"{""regressor__model__alpha"": 0.01, ""regressor__model__gamma"": 0.0005319148936170213}",3.77,log1p,B,,,,,
1,300,xgb,all_legal,cv,0.6405740084729193,0.9499160649949544,0.06592093980720412,300,12.0,"{""regressor__model__learning_rate"": 0.03, ""regressor__model__max_depth"": 7, ""regressor__model__min_child_weight"": 1}",29.88,log1p,B,,,,,
1,1000,ridge,structure+,cv,0.5331279370719635,0.7648565967418983,0.02792517229527493,1000,15.0,"{""regressor__model__alpha"": 3.1622776601683795}",1.26,log1p,B,,,,,
1,1000,rbf_krr,structure+,cv,0.46881883181430317,0.7006645407944179,0.015861567897664925,1000,63.0,"{""regressor__model__alpha"": 0.01, ""regressor__model__gamma"": 0.0018867924528301887}",3.5,log1p,B,,,,,
1,1000,xgb,structure+,cv,0.4916961893242,0.7996116431351323,0.038615150026605864,1000,12.0,"{""regressor__model__learning_rate"": 0.03, ""regressor__model__max_depth"": 5, ""regressor__model__min_child_weight"": 1}",11.19,log1p,B,,,,,
1,1000,ridge,all_legal,cv,0.5483100401756845,0.8382042337011427,0.02245670472287647,1000,15.0,"{""regressor__model__alpha"": 100.0}",4.5,log1p,B,,,,,
1,1000,rbf_krr,all_legal,cv,0.479704492707713,0.7169238643205328,0.013523094782205643,1000,63.0,"{""regressor__model__alpha"": 0.01, ""regressor__model__gamma"": 0.0005319148936170213}",7.28,log1p,B,,,,,
1,1000,xgb,all_legal,cv,0.5154986830103631,0.8232771290261596,0.03535124806259888,1000,12.0,"{""regressor__model__learning_rate"": 0.03, ""regressor__model__max_depth"": 5, ""regressor__model__min_child_weight"": 1}",65.52,log1p,B,,,,,
2,100,ridge,structure+,cv,0.5897694597733164,0.8686881484817107,0.1772725597640551,100,15.0,"{""regressor__model__alpha"": 10.0}",0.82,log1p,B,,,,,
2,100,rbf_krr,structure+,cv,0.5195440251592018,0.7689163591717642,0.1496958753185951,100,63.0,"{""regressor__model__alpha"": 0.1, ""regressor__model__gamma"": 0.005966561622959206}",1.06,log1p,B,,,,,
2,100,xgb,structure+,cv,0.5866696169352532,0.8031809834069803,0.12379629872318774,100,12.0,"{""regressor__model__learning_rate"": 0.03, ""regressor__model__max_depth"": 3, ""regressor__model__min_child_weight"": 1}",2.63,log1p,B,,,,,
2,100,ridge,all_legal,cv,0.67752869051896,0.9360230771709355,0.19935706334985426,100,15.0,"{""regressor__model__alpha"": 31.622776601683793}",3.26,log1p,B,,,,,
2,100,rbf_krr,all_legal,cv,0.6252243488016542,0.8890457400086619,0.14834649493024057,100,63.0,"{""regressor__model__alpha"": 0.1, ""regressor__model__gamma"": 0.0016820625851959464}",3.43,log1p,B,,,,,
2,100,xgb,all_legal,cv,0.6492133979263306,0.8697323592349895,0.1426280255054055,100,12.0,"{""regressor__model__learning_rate"": 0.03, ""regressor__model__max_depth"": 7, ""regressor__model__min_child_weight"": 5}",9.45,log1p,B,,,,,
2,300,ridge,structure+,cv,0.5774635275170662,0.8618825016995867,0.051116335151859225,300,15.0,"{""regressor__model__alpha"": 31.622776601683793}",1.03,log1p,B,,,,,
2,300,rbf_krr,structure+,cv,0.537764832833897,0.8451859683087523,0.06350488350637348,300,63.0,"{""regressor__model__alpha"": 0.1, ""regressor__model__gamma"": 0.005966561622959206}",1.33,log1p,B,,,,,
2,300,xgb,structure+,cv,0.5570694960872331,0.8651157086503667,0.055844871493385274,300,12.0,"{""regressor__model__learning_rate"": 0.1, ""regressor__model__max_depth"": 3, ""regressor__model__min_child_weight"": 1}",6.55,log1p,B,,,,,
2,300,ridge,all_legal,cv,0.6184193723421663,0.9333565686963413,0.07337702597251824,300,15.0,"{""regressor__model__alpha"": 31.622776601683793}",3.87,log1p,B,,,,,
2,300,rbf_krr,all_legal,cv,0.5764962991640653,0.8892764833499514,0.07861258010140539,300,63.0,"{""regressor__model__alpha"": 0.1, ""regressor__model__gamma"": 0.0016820625851959464}",4.21,log1p,B,,,,,
2,300,xgb,all_legal,cv,0.5718177984402972,0.8896202382468478,0.03237238449856515,300,12.0,"{""regressor__model__learning_rate"": 0.1, ""regressor__model__max_depth"": 3, ""regressor__model__min_child_weight"": 1}",32.58,log1p,B,,,,,
2,1000,ridge,structure+,cv,0.48847123217284955,0.6987341548046421,0.030155757161575862,1000,15.0,"{""regressor__model__alpha"": 0.0001}",1.33,log1p,B,,,,,
2,1000,rbf_krr,structure+,cv,0.4571481393073359,0.6746013375593211,0.02161478780550504,1000,63.0,"{""regressor__model__alpha"": 0.01, ""regressor__model__gamma"": 0.0005966561622959206}",3.9,log1p,B,,,,,
2,1000,xgb,structure+,cv,0.4603150192423936,0.6869353311873455,0.005741535245270137,1000,12.0,"{""regressor__model__learning_rate"": 0.03, ""regressor__model__max_depth"": 5, ""regressor__model__min_child_weight"": 1}",12.41,log1p,B,,,,,
2,1000,ridge,all_legal,cv,0.4879663821622556,0.7097277335397454,0.02882036966689872,1000,15.0,"{""regressor__model__alpha"": 31.622776601683793}",4.85,log1p,B,,,,,
2,1000,rbf_krr,all_legal,cv,0.4536087597823592,0.679957184888465,0.03303500015328879,1000,63.0,"{""regressor__model__alpha"": 0.01, ""regressor__model__gamma"": 0.0005319148936170213}",7.97,log1p,B,,,,,
2,1000,xgb,all_legal,cv,0.4689670698403,0.7127756100867003,0.020303689488279927,1000,12.0,"{""regressor__model__learning_rate"": 0.03, ""regressor__model__max_depth"": 5, ""regressor__model__min_child_weight"": 1}",70.43,log1p,B,,,,,
0,3000,rbf_krr,structure+,dev,0.39963892432825754,0.6433450486623375,,5000,,,,standard,A,0.5729560835663362,0.8211826723732285,0.002175405299823008,7.4,"{""params"": {""regressor__model__alpha"": 0.01, ""regressor__model__gamma"": 0.005966561622959206}, ""tuning"": ""holdout"", ""tuning_mae_D"": 0.3900474315045525}"
0,3000,rbf_krr,all_legal,dev,0.38836980276559524,0.6309347145015085,,5000,,,,standard,A,0.5661070467971582,0.8280150197026115,0.00303290261179025,8.6,"{""params"": {""regressor__model__alpha"": 0.01, ""regressor__model__gamma"": 0.0016820625851959464}, ""tuning"": ""holdout"", ""tuning_mae_D"": 0.3874275941065022}"
0,10000,ridge,structure+,dev,0.4923844800187185,0.7390558370147271,,5000,,,,standard,A,0.6907273789332855,0.7640194672881598,0.015628110960332245,0.3,"{""params"": {""regressor__model__alpha"": 31.622776601683793}, ""tuning"": ""holdout"", ""tuning_mae_D"": 0.4519267356510304}"
0,10000,xgb,structure+,dev,0.36374423527812955,0.5796283454916349,,5000,,,,standard,A,0.5427009305964808,0.8548487080972574,0.018251196420097354,30.3,"{""params"": {""max_depth"": 8, ""learning_rate"": 0.08893995544977895, ""min_child_weight"": 8.386921036231124, ""subsample"": 0.9675362118938842, ""colsample_bytree"": 0.8710974878850724, ""reg_lambda"": 0.010255432976732017, ""reg_alpha"": 2.689162870914674}, ""n_trees"": 379, ""tuning"": ""holdout"", ""tuning_mae_D"": 0.36744968919792176, ""n_trials"": 8}"
0,10000,ridge,all_legal,dev,0.45061480538171,0.6818318800433535,,5000,,,,standard,A,0.6367773611826999,0.7991479441752781,0.026266453591715373,0.8,"{""params"": {""regressor__model__alpha"": 0.0001}, ""tuning"": ""holdout"", ""tuning_mae_D"": 0.41051082719706955}"
0,10000,xgb,all_legal,dev,0.33473144382202147,0.5484815731468964,,5000,,,,standard,A,0.505413361159132,0.8700292103530853,0.01997148686637878,239.1,"{""params"": {""max_depth"": 7, ""learning_rate"": 0.05540863523142628, ""min_child_weight"": 3.522463006341068, ""subsample"": 0.7971500150998484, ""colsample_bytree"": 0.5365378578549933, ""reg_lambda"": 0.36853267721421024, ""reg_alpha"": 3.639966678769468}, ""n_trees"": 1554, ""tuning"": ""holdout"", ""tuning_mae_D"": 0.3496773982385636, ""n_trials"": 8}"
0,99198,ridge,structure+,dev,0.49118902264283804,0.7370394831396979,,5000,,,,standard,A,0.6856967475444099,0.7653053543658956,0.010297190064806233,2.3,"{""params"": {""regressor__model__alpha"": 1.0}, ""tuning"": ""holdout"", ""tuning_mae_D"": 0.4791603501083542}"
0,99198,ridge,all_legal,dev,0.4459876006781458,0.6777396198419684,,5000,,,,standard,A,0.6265939578806465,0.8015516812751307,0.01562964325956284,8.2,"{""params"": {""regressor__model__alpha"": 0.1}, ""tuning"": ""holdout"", ""tuning_mae_D"": 0.43900635571612984}"
0,3000,rbf_krr,structure+,dev,0.4041482803404239,0.6455861243163478,,5000,,,,sqrt,A,0.5877611032657686,0.8199346915285709,-0.01566675648340749,7.8,"{""params"": {""regressor__model__alpha"": 0.001, ""regressor__model__gamma"": 0.0018867924528301887}, ""tuning"": ""holdout"", ""tuning_mae_D"": 0.38998567248552}"
0,3000,rbf_krr,all_legal,dev,0.39847855573176905,0.6456474990218001,,5000,,,,sqrt,A,0.5827238346683157,0.8199004529346041,-0.0232752584229986,8.6,"{""params"": {""regressor__model__alpha"": 0.001, ""regressor__model__gamma"": 0.00016820625851959463}, ""tuning"": ""holdout"", ""tuning_mae_D"": 0.39085135683877037}"
0,10000,ridge,structure+,dev,0.4970275371844491,0.7477800740832801,,5000,,,,sqrt,A,0.6973949864178753,0.7584152860122518,-0.03284598991841355,0.3,"{""params"": {""regressor__model__alpha"": 31.622776601683793}, ""tuning"": ""holdout"", ""tuning_mae_D"": 0.46981920394656074}"
0,10000,xgb,structure+,dev,0.36513646571013403,0.5948677380969719,,5000,,,,sqrt,A,0.5428089734396941,0.8471158346083416,-0.012867382611709086,26.1,"{""params"": {""max_depth"": 8, ""learning_rate"": 0.08893995544977895, ""min_child_weight"": 8.386921036231124, ""subsample"": 0.9675362118938842, ""colsample_bytree"": 0.8710974878850724, ""reg_lambda"": 0.010255432976732017, ""reg_alpha"": 2.689162870914674}, ""n_trees"": 210, ""tuning"": ""holdout"", ""tuning_mae_D"": 0.3676983871088698, ""n_trials"": 8}"
0,10000,ridge,all_legal,dev,0.44733228647258183,0.679830295565131,,5000,,,,sqrt,A,0.6325943142867412,0.8003254551748127,-0.011032090035804524,0.8,"{""params"": {""regressor__model__alpha"": 0.01}, ""tuning"": ""holdout"", ""tuning_mae_D"": 0.4268824556479013}"
0,10000,xgb,all_legal,dev,0.33292452501423897,0.5476833752880578,,5000,,,,sqrt,A,0.49810928655474956,0.8704072245786085,-0.016249713670930265,281.2,"{""params"": {""max_depth"": 7, ""learning_rate"": 0.05540863523142628, ""min_child_weight"": 3.522463006341068, ""subsample"": 0.7971500150998484, ""colsample_bytree"": 0.5365378578549933, ""reg_lambda"": 0.36853267721421024, ""reg_alpha"": 3.639966678769468}, ""n_trees"": 1564, ""tuning"": ""holdout"", ""tuning_mae_D"": 0.3486028082840331, ""n_trials"": 8}"
0,99198,ridge,structure+,dev,0.495712226928911,0.7472091736514564,,5000,,,,sqrt,A,0.6931782931625521,0.7587840258965535,-0.036598134433634986,2.1,"{""params"": {""regressor__model__alpha"": 3.1622776601683795}, ""tuning"": ""holdout"", ""tuning_mae_D"": 0.485563108816312}"
0,99198,ridge,all_legal,dev,0.44010315811021994,0.6714633485058165,,5000,,,,sqrt,A,0.6179022006755338,0.8052101611741305,-0.021786985412537724,8.0,"{""params"": {""regressor__model__alpha"": 0.03162277660168379}, ""tuning"": ""holdout"", ""tuning_mae_D"": 0.4356987214802467}"
0,3000,rbf_krr,structure+,dev,0.4109326973058658,0.6573383861941665,,5000,,,,log1p,A,0.6007439626777006,0.8133191958685023,-0.018585263889084994,9.0,"{""params"": {""regressor__model__alpha"": 0.001, ""regressor__model__gamma"": 0.0018867924528301887}, ""tuning"": ""holdout"", ""tuning_mae_D"": 0.3940925703930345}"
0,3000,rbf_krr,all_legal,dev,0.4124802878661469,0.6759327136645226,,5000,,,,log1p,A,0.6104936292993954,0.8026084278039647,-0.026980907064847678,9.1,"{""params"": {""regressor__model__alpha"": 0.0001, ""regressor__model__gamma"": 5.319148936170213e-05}, ""tuning"": ""holdout"", ""tuning_mae_D"": 0.39565195592868185}"
0,10000,ridge,structure+,dev,0.5149498556896734,0.7754946465051655,,5000,,,,log1p,A,0.7247937133739359,0.7401759891482145,-0.038403260593098044,0.3,"{""params"": {""regressor__model__alpha"": 31.622776601683793}, ""tuning"": ""holdout"", ""tuning_mae_D"": 0.49042428758117}"
0,10000,xgb,structure+,dev,0.36368119813316735,0.5963156741581529,,5000,,,,log1p,A,0.5347549430674006,0.8463706743305415,-0.023920915686248243,38.1,"{""params"": {""max_depth"": 9, ""learning_rate"": 0.022438850601879466, ""min_child_weight"": 1.1738504969171917, ""subsample"": 0.5082638177642645, ""colsample_bytree"": 0.8692891674401906, ""reg_lambda"": 44.77363031844234, ""reg_alpha"": 0.2670195766859461}, ""n_trees"": 1459, ""tuning"": ""holdout"", ""tuning_mae_D"": 0.36709670730971095, ""n_trials"": 8}"
0,10000,ridge,all_legal,dev,0.4611975769554099,0.7013872480912928,,5000,,,,log1p,A,0.6522717258539685,0.7874616004837272,-0.01682001723305581,0.8,"{""params"": {""regressor__model__alpha"": 0.03162277660168379}, ""tuning"": ""holdout"", ""tuning_mae_D"": 0.44529734999317067}"
0,10000,xgb,all_legal,dev,0.33849205043313985,0.5631318595253516,,5000,,,,log1p,A,0.502354946863477,0.8629932793043958,-0.030506636990702156,205.7,"{""params"": {""max_depth"": 7, ""learning_rate"": 0.05540863523142628, ""min_child_weight"": 3.522463006341068, ""subsample"": 0.7971500150998484, ""colsample_bytree"": 0.5365378578549933, ""reg_lambda"": 0.36853267721421024, ""reg_alpha"": 3.639966678769468}, ""n_trees"": 1024, ""tuning"": ""holdout"", ""tuning_mae_D"": 0.34882061107707046, ""n_trials"": 8}"
0,99198,ridge,structure+,dev,0.5126653700365617,0.7732148667873495,,5000,,,,log1p,A,0.7185166270507396,0.7417013919023074,-0.04221695660209094,2.2,"{""params"": {""regressor__model__alpha"": 3.1622776601683795}, ""tuning"": ""holdout"", ""tuning_mae_D"": 0.49961715957849895}"
0,99198,ridge,all_legal,dev,0.45353935439474824,0.6912145076842587,,5000,,,,log1p,A,0.6345883639717984,0.7935820958705735,-0.028045687415366415,8.6,"{""params"": {""regressor__model__alpha"": 0.1}, ""tuning"": ""holdout"", ""tuning_mae_D"": 0.44610677245945474}"
