seed,model,effective_df,alignment,kernel_participation_ratio,offdiag_mean,offdiag_sd
0,rbf_krr,55.27359115743561,0.24942924945909756,1.4188120641700541,0.8313149861167899,0.11590899763820108
0,qkrr,55.90023577278806,0.33138701729836345,1.5333025372299491,0.797148408591378,0.12803618773283834
0,qkrr_ry,83.44051552455382,0.12694062246592086,1.331469309631908,0.8583007134649722,0.11883041391829499
0,qkrr_ryrz,26.50379232879985,0.20409228737218554,1.204176479682974,0.9074934907474689,0.0820298550052243
0,qkrr_product,52.963636778910065,0.24857887083744645,1.4232573701655027,0.8295137345055625,0.11925976282360239
0,pqk,109.850589646948,0.34529013822569693,2.7100202468986034,0.5748404506546866,0.1947505038709343
1,rbf_krr,104.0750527248444,0.239335481513725,1.4181901513705262,0.8315468888574362,0.11557967972427231
1,qkrr,102.80963960867625,0.19553980365932636,1.507777704576085,0.8013338418258972,0.14406493311927224
1,qkrr_ry,100.46544892747025,0.17488157434149726,2.2663810813521263,0.6396383949158083,0.1775822610924664
1,qkrr_ryrz,55.039541968245736,0.29118816996421787,1.6786970962820564,0.75422207657091,0.16261745858813767
1,qkrr_product,96.750291748626,0.23958798946856175,1.4223661638705003,0.8299100074758426,0.11834686618666213
1,pqk,49.63885399916564,0.2112048049998828,1.004164440791784,0.9979205014000064,0.0018306875319114887
2,rbf_krr,55.61114204635341,0.2514406388511192,1.427069126655574,0.829361941729188,0.11223239205146662
2,qkrr,55.41398079063136,0.3253024006994992,1.5324736443923326,0.7975743813614018,0.1267559407754407
2,qkrr_ry,45.0240476758533,0.12964950921185173,1.341484126948067,0.8561542062989016,0.11040017666981329
2,qkrr_ryrz,49.723372209412325,0.2096541990411408,1.2102098612630983,0.9063275937278573,0.06855209497701445
2,qkrr_product,53.30457782531077,0.25158594048730015,1.431386781812531,0.827767279245696,0.11455497884355753
2,pqk,45.74786993350504,0.39619404967513944,1.1347321599938376,0.9375209341348255,0.04691349731354215
