features,feature,mae_rise_D
cm+structure,cm_06,-0.002783697631337989
cm+structure,inertia_moment_3,-0.001140780333637174
cm+structure,bonds_C-H,-0.0010119365198016114
cm+structure,bonds_N-O,-0.0007013252716943752
cm+structure,n_C,-0.000543462281535545
cm+structure,max_distance,-0.0005415642307172288
cm+structure,n_H,-0.0005349014933024643
cm+structure,bonds_C-N,-0.00036360036850620786
cm+structure,cm_15,-0.00029956349528928634
cm+structure,cm_11,-0.000243368428426279
cm+structure,n_rings,-0.00024195732185568658
cm+structure,cm_07,-0.00023103075144091575
cm+structure,cm_22,-3.698004037141859e-05
cm+structure,cm_24,0.0
cm+structure,cm_28,0.0
cm+structure,cm_23,0.0
cm+structure,cm_27,0.0
cm+structure,cm_29,0.0
cm+structure,cm_25,0.0
cm+structure,cm_26,0.0
cm+structure,cm_21,0.00014571517161726295
cm+structure,cm_05,0.00015543896130770421
cm+structure,cm_17,0.0002871919896314523
cm+structure,bonds_C-C,0.0002970521967504988
cm+structure,cm_14,0.00043562409744658164
cm+structure,radius_of_gyration,0.0005220426789333283
cm+structure,cm_13,0.0005787765439196088
cm+structure,cm_19,0.000715274034402776
cm+structure,triple_C-C,0.0008221518289079244
cm+structure,cm_20,0.000925164002873243
cm+structure,gyration_moment_1,0.0009704630602385652
cm+structure,n_O,0.0009847470470165428
cm+structure,cm_08,0.0017439570459575338
cm+structure,cm_18,0.0019352789173622711
cm+structure,gyration_moment_2,0.0022787474893307086
cm+structure,cm_16,0.003055687077397118
cm+structure,bonds_H-O,0.0032934578656946744
cm+structure,cm_09,0.0035028092727875
cm+structure,bonds_C-O,0.003733953912193866
cm+structure,inertia_moment_1,0.004325829102811223
cm+structure,inertia_moment_2,0.0046805248010036785
cm+structure,double_N-O,0.005664269080535544
cm+structure,cm_12,0.006131463115900864
cm+structure,bonds_N-N,0.006297370202793662
cm+structure,cm_01,0.006325401451637343
cm+structure,cm_10,0.006520418396802781
cm+structure,gyration_moment_3,0.009714321136490489
cm+structure,bond_polarity_total,0.010235818921484294
cm+structure,cm_04,0.012302308733713001
cm+structure,multiple_C-N,0.016916067246029544
cm+structure,cm_02,0.01740636916584973
cm+structure,n_N,0.018510458036714823
cm+structure,cm_03,0.018571950539005067
cm+structure,n_F,0.042617350196188654
cm+structure,bonds_H-N,0.060905358437961875
cm+structure,double_C-O,0.07947038475577432
cm+structure,heteroatom_offset,0.08102610969826776
cm+structure,triple_C-N,0.15260732710876065
cm+structure,bond_dipole_norm,0.2321653729282404
cm+structure,en_point_dipole,0.24107119108870184
structure,n_C,-0.0019232860291891417
structure,inertia_moment_3,-0.001368629650465351
structure,bonds_C-H,-0.0002714081838516586
structure,bonds_C-C,0.000436099252763326
structure,n_rings,0.0007597015254988015
structure,triple_C-C,0.0009104106960336217
structure,bonds_N-O,0.001356002989344951
structure,radius_of_gyration,0.002317668115287878
structure,max_distance,0.0028831486881755407
structure,inertia_moment_1,0.002902007777603876
structure,bonds_C-O,0.0029877041567148025
structure,gyration_moment_1,0.00312500398819493
structure,bonds_N-N,0.0036241174730117162
structure,double_N-O,0.003949948597208683
structure,n_O,0.004100597928383716
structure,bonds_C-N,0.004991794066731795
structure,gyration_moment_2,0.005704583321546672
structure,inertia_moment_2,0.006477354938403838
structure,bonds_H-O,0.006988567565594309
structure,gyration_moment_3,0.007193285784431421
structure,n_H,0.008007916006598352
structure,n_N,0.015381157742724434
structure,multiple_C-N,0.022746693683841347
structure,bond_polarity_total,0.028795004893843467
structure,bonds_H-N,0.0863789008179196
structure,double_C-O,0.09412978845830759
structure,n_F,0.09537658018459425
structure,heteroatom_offset,0.09606043373283078
structure,triple_C-N,0.16947850289812785
structure,bond_dipole_norm,0.24288948240917216
structure,en_point_dipole,0.26972420090919136
