model,eval_set,metric,N,mean Δ,sd Δ
qkrr,dev,mae_D,100,0.007062210127643594,0.0110089215425672
qkrr,dev,mae_D,300,-0.0007677669422473018,0.0036674999381159797
qkrr,dev,mae_D,1000,0.002113305359021859,0.0021291310492053605
qkrr,dev,rmse_D,100,0.007077288876357946,0.011427469811676595
qkrr,dev,rmse_D,300,-0.0054808046903977265,0.017538198440528393
qkrr,dev,rmse_D,1000,0.004688970579142082,0.00404157596740973
qkrr,dev_unseen,mae_D,100,0.026992308377848124,0.022089674609167387
qkrr,dev_unseen,mae_D,300,-0.0027775286266826424,0.013069126880160238
qkrr,dev_unseen,mae_D,1000,-0.0010961085426790158,0.002655445011977299
qkrr,dev_unseen,rmse_D,100,0.025829786497232405,0.02894980895350593
qkrr,dev_unseen,rmse_D,300,-0.003935496272344796,0.0156473935847278
qkrr,dev_unseen,rmse_D,1000,0.0016032944340514572,0.0023618422276308793
qkrr_ry,dev,mae_D,100,0.011645284035650535,0.016368871275750114
qkrr_ry,dev,mae_D,300,0.008222900041038206,0.010399969974570284
qkrr_ry,dev,mae_D,1000,0.003156050970286465,0.0038488461825274883
qkrr_ry,dev,rmse_D,100,0.014411599345308002,0.021807055466250207
qkrr_ry,dev,rmse_D,300,0.006354291997173411,0.008088086767631326
qkrr_ry,dev,rmse_D,1000,0.0061548644793177525,0.012775686392019668
qkrr_ry,dev_unseen,mae_D,100,0.020023364582505827,0.03532624770563641
qkrr_ry,dev_unseen,mae_D,300,0.0025736636690492456,0.01018529785413494
qkrr_ry,dev_unseen,mae_D,1000,0.005261117645395237,0.00754208785609483
qkrr_ry,dev_unseen,rmse_D,100,0.021014885701757136,0.0393628307646474
qkrr_ry,dev_unseen,rmse_D,300,0.001672418776028491,0.007650870217779675
qkrr_ry,dev_unseen,rmse_D,1000,0.007259381848789308,0.009821046949521595
qkrr_ryrz,dev,mae_D,100,-0.012487365097256195,0.025551774963323753
qkrr_ryrz,dev,mae_D,300,0.013243098603985906,0.013513488584233771
qkrr_ryrz,dev,mae_D,1000,0.005784268970999855,0.004128724638587071
qkrr_ryrz,dev,rmse_D,100,-0.016178426139508522,0.020232711946624696
qkrr_ryrz,dev,rmse_D,300,0.01787768472159527,0.005189913316165232
qkrr_ryrz,dev,rmse_D,1000,0.009734648134270866,0.005975259212502645
qkrr_ryrz,dev_unseen,mae_D,100,0.03312783766499968,0.06719648122987543
qkrr_ryrz,dev_unseen,mae_D,300,-0.015583453819921544,0.02306723307879927
qkrr_ryrz,dev_unseen,mae_D,1000,-0.0006966886206028292,0.008474070090354736
qkrr_ryrz,dev_unseen,rmse_D,100,0.028500811048536596,0.0982174652067348
qkrr_ryrz,dev_unseen,rmse_D,300,-0.023456857873149477,0.03873383807537915
qkrr_ryrz,dev_unseen,rmse_D,1000,0.00017936872358714773,0.018856026940220153
qkrr_product,dev,mae_D,100,0.0048951699794443915,0.0048939924792375696
qkrr_product,dev,mae_D,300,-0.0004244304960287308,0.0005818910475864039
qkrr_product,dev,mae_D,1000,0.00041161578348471634,0.000751254239933837
qkrr_product,dev,rmse_D,100,0.0049696432357723514,0.005521019826590774
qkrr_product,dev,rmse_D,300,-0.0008137727491719371,0.0009013911232833389
qkrr_product,dev,rmse_D,1000,-0.0002980939015973331,0.0009846771017946805
qkrr_product,dev_unseen,mae_D,100,0.011324447806800975,0.01864318673973096
qkrr_product,dev_unseen,mae_D,300,-0.0012757210959305116,0.0009751580562577235
qkrr_product,dev_unseen,mae_D,1000,-0.0011059361327414585,0.001013617232705753
qkrr_product,dev_unseen,rmse_D,100,0.01450857473172588,0.0251007817415326
qkrr_product,dev_unseen,rmse_D,300,-0.0007563962163871599,0.0009566637463505365
qkrr_product,dev_unseen,rmse_D,1000,-0.0007559631627278574,0.00280351946017394
pqk,dev,mae_D,100,-0.007587035873596437,0.018124537636074196
pqk,dev,mae_D,300,-0.0029008844117871524,0.01107628759421864
pqk,dev,mae_D,1000,0.005041876998570764,0.003392553856280031
pqk,dev,rmse_D,100,-0.006823470771628148,0.015652138279987866
pqk,dev,rmse_D,300,-0.0020282167777698015,0.022778214267496457
pqk,dev,rmse_D,1000,0.005947972692754451,0.0024133770256006305
pqk,dev_unseen,mae_D,100,0.015915563784453874,0.05199338204533087
pqk,dev_unseen,mae_D,300,-5.1165355935300916e-05,0.014122344226457232
pqk,dev_unseen,mae_D,1000,0.008702809490066373,0.00370475178632454
pqk,dev_unseen,rmse_D,100,0.00899093699739506,0.05233175340745138
pqk,dev_unseen,rmse_D,300,0.007303467378052468,0.0058985104291124565
pqk,dev_unseen,rmse_D,1000,0.008586032891393666,0.0056916034110386145
qridge,dev,mae_D,100,-0.0022452175302942745,0.017166835383182345
qridge,dev,mae_D,300,0.020446966171344116,0.0073047660865341755
qridge,dev,mae_D,1000,0.05031527135273948,0.013525183404899464
qridge,dev,rmse_D,100,0.013538133533719687,0.015621867925772855
qridge,dev,rmse_D,300,0.021155673556908245,0.02409613083068688
qridge,dev,rmse_D,1000,0.04837585032507804,0.010808393822262079
qridge,dev_unseen,mae_D,100,0.00907009156762506,0.04006175212022508
qridge,dev_unseen,mae_D,300,0.006174479104597934,0.012151509923590988
qridge,dev_unseen,mae_D,1000,0.05077933447562707,0.02245379052246038
qridge,dev_unseen,rmse_D,100,0.008342044714647612,0.039527657015462264
qridge,dev_unseen,rmse_D,300,0.013045898296836889,0.04135601377760291
qridge,dev_unseen,rmse_D,1000,0.0646751661325653,0.01241585487986768
