seed,n_train,model,features,eval_set,mae_D,rmse_D,mae_fold_std_D,n_eval,n_candidates,hyperparams,seconds,scaling
0,100,ridge,composition,cv,1.1961122626603053,1.4667120331597545,0.22840475924121603,100,15,"{""regressor__model__alpha"": 1.0}",4.57,standard
0,100,rbf_krr,composition,cv,1.014279530943222,1.3365635165648997,0.101287795196047,100,63,"{""regressor__model__alpha"": 0.1, ""regressor__model__gamma"": 0.1}",0.29,standard
0,100,ridge,cm,cv,1.268356125231003,1.5445911870003808,0.1806274455251214,100,15,"{""regressor__model__alpha"": 31.622776601683793}",0.08,standard
0,100,rbf_krr,cm,cv,1.2035350676598784,1.6199077732534666,0.27597129762508854,100,63,"{""regressor__model__alpha"": 0.01, ""regressor__model__gamma"": 0.03162277660168379}",0.28,standard
0,100,ridge,structure,cv,0.8047551780166953,1.0590972377338432,0.13663908083642365,100,15,"{""regressor__model__alpha"": 1.0}",0.08,standard
0,100,rbf_krr,structure,cv,0.7915152703004015,1.0741330259865034,0.1160786683058959,100,63,"{""regressor__model__alpha"": 0.01, ""regressor__model__gamma"": 0.03162277660168379}",0.28,standard
0,100,ridge,cm+structure,cv,0.8065733111277641,1.0413486679855,0.1424659601043238,100,15,"{""regressor__model__alpha"": 10.0}",0.08,standard
0,100,rbf_krr,cm+structure,cv,0.8200690353043659,1.0886897170900993,0.11757222749658455,100,63,"{""regressor__model__alpha"": 0.01, ""regressor__model__gamma"": 0.001}",0.28,standard
0,100,ridge,cm/pca8,cv,1.2486854030747636,1.5356384546077921,0.19238868515391128,100,15,"{""regressor__model__alpha"": 10.0}",0.1,standard
0,100,rbf_krr,cm/pca8,cv,1.156441903626535,1.461237768590979,0.2316940439605598,100,63,"{""regressor__model__alpha"": 0.01, ""regressor__model__gamma"": 0.0031622776601683794}",0.3,standard
0,100,ridge,cm+structure/pca8,cv,0.8836920933714061,1.107127689529154,0.1258458078256569,100,15,"{""regressor__model__alpha"": 0.0001}",0.08,standard
0,100,rbf_krr,cm+structure/pca8,cv,0.9109719985966517,1.2013573595694766,0.12847343035597542,100,63,"{""regressor__model__alpha"": 0.1, ""regressor__model__gamma"": 0.01}",0.27,standard
0,300,ridge,composition,cv,1.1603010659910877,1.4726730851045486,0.11620086936120397,300,15,"{""regressor__model__alpha"": 0.1}",0.08,standard
0,300,rbf_krr,composition,cv,1.079150744245926,1.4237446329722538,0.1152945595036097,300,63,"{""regressor__model__alpha"": 0.1, ""regressor__model__gamma"": 0.03162277660168379}",0.38,standard
0,300,ridge,cm,cv,1.239572491893246,1.5512336118304348,0.12406653221738613,300,15,"{""regressor__model__alpha"": 100.0}",0.08,standard
0,300,rbf_krr,cm,cv,1.1227839132780644,1.4895588794005934,0.15317082794087958,300,63,"{""regressor__model__alpha"": 0.1, ""regressor__model__gamma"": 0.03162277660168379}",0.37,standard
0,300,ridge,structure,cv,0.7453466898731516,1.0727187033943313,0.12771827966026103,300,15,"{""regressor__model__alpha"": 0.31622776601683794}",0.08,standard
0,300,rbf_krr,structure,cv,0.7082495796449072,1.015301996848232,0.15649439688519204,300,63,"{""regressor__model__alpha"": 0.01, ""regressor__model__gamma"": 0.0031622776601683794}",0.37,standard
0,300,ridge,cm+structure,cv,0.797339013516746,1.1091691261833385,0.13467208857349802,300,15,"{""regressor__model__alpha"": 31.622776601683793}",0.08,standard
0,300,rbf_krr,cm+structure,cv,0.7679856279327327,1.0703667034081765,0.14167128731559567,300,63,"{""regressor__model__alpha"": 0.01, ""regressor__model__gamma"": 0.001}",0.4,standard
0,300,ridge,cm/pca8,cv,1.2326165249790237,1.5496820217577,0.11128940143020784,300,15,"{""regressor__model__alpha"": 31.622776601683793}",0.08,standard
0,300,rbf_krr,cm/pca8,cv,1.1419077484223548,1.4859252345976113,0.14717354688380552,300,63,"{""regressor__model__alpha"": 0.001, ""regressor__model__gamma"": 0.0031622776601683794}",0.37,standard
0,300,ridge,cm+structure/pca8,cv,1.182760187201653,1.5032363862619216,0.11077674736496555,300,15,"{""regressor__model__alpha"": 100.0}",0.08,standard
0,300,rbf_krr,cm+structure/pca8,cv,0.9851559537695899,1.2987622419006362,0.09640765804668978,300,63,"{""regressor__model__alpha"": 0.01, ""regressor__model__gamma"": 0.0031622776601683794}",0.38,standard
0,1000,ridge,composition,cv,1.2495156675434982,1.8789681320634781,0.09739589874452355,1000,15,"{""regressor__model__alpha"": 10.0}",0.08,standard
0,1000,rbf_krr,composition,cv,1.139321294690446,1.8109504657333113,0.09383354688932183,1000,63,"{""regressor__model__alpha"": 0.1, ""regressor__model__gamma"": 0.03162277660168379}",2.06,standard
0,1000,ridge,cm,cv,1.2885897451013233,1.9322373752953097,0.09210214288513961,1000,15,"{""regressor__model__alpha"": 100.0}",0.09,standard
0,1000,rbf_krr,cm,cv,1.1727051957441632,1.815153506908214,0.08314434973058143,1000,63,"{""regressor__model__alpha"": 0.01, ""regressor__model__gamma"": 0.0031622776601683794}",2.39,standard
0,1000,ridge,structure,cv,0.8762332336018867,1.5134527654751044,0.07118442466927177,1000,15,"{""regressor__model__alpha"": 100.0}",0.09,standard
0,1000,rbf_krr,structure,cv,0.7855975169985016,1.3815272805555407,0.034671149343217966,1000,63,"{""regressor__model__alpha"": 0.1, ""regressor__model__gamma"": 0.01}",2.23,standard
0,1000,ridge,cm+structure,cv,0.8871062067714564,1.521066252863404,0.06550290819034595,1000,15,"{""regressor__model__alpha"": 100.0}",0.09,standard
0,1000,rbf_krr,cm+structure,cv,0.8337019643056415,1.4871952018610823,0.04775969255518883,1000,63,"{""regressor__model__alpha"": 0.1, ""regressor__model__gamma"": 0.01}",2.4,standard
0,1000,ridge,cm/pca8,cv,1.2992113321308396,1.9456719798409952,0.10549050585630537,1000,15,"{""regressor__model__alpha"": 0.0001}",0.09,standard
0,1000,rbf_krr,cm/pca8,cv,1.194914300186982,1.8545702674550448,0.08571218887082187,1000,63,"{""regressor__model__alpha"": 0.001, ""regressor__model__gamma"": 0.0031622776601683794}",2.26,standard
0,1000,ridge,cm+structure/pca8,cv,1.2541554417375764,1.8689983451702343,0.09820663928560691,1000,15,"{""regressor__model__alpha"": 316.22776601683796}",0.1,standard
0,1000,rbf_krr,cm+structure/pca8,cv,1.0035429736307178,1.7049809053997222,0.06054825442876215,1000,63,"{""regressor__model__alpha"": 0.1, ""regressor__model__gamma"": 0.01}",2.2,standard
1,100,ridge,composition,cv,1.0828486633335281,1.371333134605716,0.1582630161374188,100,15,"{""regressor__model__alpha"": 10.0}",0.08,standard
1,100,rbf_krr,composition,cv,1.048804613906229,1.34873437097367,0.12775983086149892,100,63,"{""regressor__model__alpha"": 0.001, ""regressor__model__gamma"": 0.001}",0.27,standard
1,100,ridge,cm,cv,1.1183589243910435,1.418721388065302,0.1583393071187265,100,15,"{""regressor__model__alpha"": 316.22776601683796}",0.08,standard
1,100,rbf_krr,cm,cv,1.1277623855169556,1.4287999715759716,0.15438327826446743,100,63,"{""regressor__model__alpha"": 1.0, ""regressor__model__gamma"": 0.0031622776601683794}",0.29,standard
1,100,ridge,structure,cv,0.8278633548203822,1.136192963503892,0.1645193538050787,100,15,"{""regressor__model__alpha"": 10.0}",0.07,standard
1,100,rbf_krr,structure,cv,0.8233602637613383,1.1316311379252442,0.13121857242746723,100,63,"{""regressor__model__alpha"": 0.1, ""regressor__model__gamma"": 0.0031622776601683794}",0.28,standard
1,100,ridge,cm+structure,cv,0.8980373925184031,1.1888538037327296,0.10183734184231152,100,15,"{""regressor__model__alpha"": 31.622776601683793}",0.08,standard
1,100,rbf_krr,cm+structure,cv,0.9173583548180275,1.196898654631829,0.07801839815586163,100,63,"{""regressor__model__alpha"": 0.1, ""regressor__model__gamma"": 0.001}",0.28,standard
1,100,ridge,cm/pca8,cv,1.107180183293417,1.4123403093682687,0.1336114171876326,100,15,"{""regressor__model__alpha"": 100.0}",0.08,standard
1,100,rbf_krr,cm/pca8,cv,1.0979910115835196,1.3994552511383016,0.12297024734435216,100,63,"{""regressor__model__alpha"": 0.001, ""regressor__model__gamma"": 0.001}",0.27,standard
1,100,ridge,cm+structure/pca8,cv,1.062668212448185,1.3944938078371225,0.15230740815430915,100,15,"{""regressor__model__alpha"": 100.0}",0.08,standard
1,100,rbf_krr,cm+structure/pca8,cv,1.0171485762625185,1.3422155692573805,0.12780837150611749,100,63,"{""regressor__model__alpha"": 0.01, ""regressor__model__gamma"": 0.001}",0.27,standard
1,300,ridge,composition,cv,1.1884698480772058,1.5303217577658426,0.1140957308220852,300,15,"{""regressor__model__alpha"": 1.0}",0.08,standard
1,300,rbf_krr,composition,cv,1.1393597292610045,1.4832833220962005,0.08998275371212584,300,63,"{""regressor__model__alpha"": 0.001, ""regressor__model__gamma"": 0.001}",0.37,standard
1,300,ridge,cm,cv,1.2141358277474157,1.5565578446506,0.1504137919911095,300,15,"{""regressor__model__alpha"": 316.22776601683796}",0.08,standard
1,300,rbf_krr,cm,cv,1.1852146809412014,1.521791621043258,0.08276442443115445,300,63,"{""regressor__model__alpha"": 0.001, ""regressor__model__gamma"": 0.001}",0.37,standard
1,300,ridge,structure,cv,0.833097587801516,1.154989735899972,0.08483507631196305,300,15,"{""regressor__model__alpha"": 31.622776601683793}",0.08,standard
1,300,rbf_krr,structure,cv,0.7922443824364948,1.1356294908127882,0.10198114505196311,300,63,"{""regressor__model__alpha"": 0.001, ""regressor__model__gamma"": 0.001}",0.37,standard
1,300,ridge,cm+structure,cv,0.8662867058882799,1.1793361578771864,0.07382042211858868,300,15,"{""regressor__model__alpha"": 31.622776601683793}",0.08,standard
1,300,rbf_krr,cm+structure,cv,0.8505153769104767,1.1796888849087197,0.07039012559260872,300,63,"{""regressor__model__alpha"": 0.1, ""regressor__model__gamma"": 0.0031622776601683794}",0.4,standard
1,300,ridge,cm/pca8,cv,1.214814092147895,1.5591783134689419,0.14908108321079944,300,15,"{""regressor__model__alpha"": 100.0}",0.08,standard
1,300,rbf_krr,cm/pca8,cv,1.1897712696348466,1.5253089193007845,0.09432408593896978,300,63,"{""regressor__model__alpha"": 0.01, ""regressor__model__gamma"": 0.01}",0.36,standard
1,300,ridge,cm+structure/pca8,cv,1.165102335756074,1.5018388837099856,0.09120171483939549,300,15,"{""regressor__model__alpha"": 316.22776601683796}",0.08,standard
1,300,rbf_krr,cm+structure/pca8,cv,1.0293710532694251,1.3831935425697788,0.11242883700307353,300,63,"{""regressor__model__alpha"": 0.01, ""regressor__model__gamma"": 0.0031622776601683794}",0.38,standard
1,1000,ridge,composition,cv,1.1378645066538857,1.454474755481245,0.027796646028247652,1000,15,"{""regressor__model__alpha"": 0.0001}",0.08,standard
1,1000,rbf_krr,composition,cv,1.0333145105563486,1.3802093597722624,0.00917165992794502,1000,63,"{""regressor__model__alpha"": 0.0001, ""regressor__model__gamma"": 0.0031622776601683794}",2.23,standard
1,1000,ridge,cm,cv,1.174034038814953,1.5037997692400844,0.04769541009640388,1000,15,"{""regressor__model__alpha"": 100.0}",0.1,standard
1,1000,rbf_krr,cm,cv,1.0330195919251017,1.379898778433745,0.03306189268768438,1000,63,"{""regressor__model__alpha"": 0.01, ""regressor__model__gamma"": 0.01}",2.19,standard
1,1000,ridge,structure,cv,0.7873578124909557,1.111847299239923,0.027918469827260543,1000,15,"{""regressor__model__alpha"": 1.0}",0.08,standard
1,1000,rbf_krr,structure,cv,0.6836805160785275,1.0158695725865559,0.04605452740323885,1000,63,"{""regressor__model__alpha"": 0.001, ""regressor__model__gamma"": 0.001}",2.28,standard
1,1000,ridge,cm+structure,cv,0.7998674821946784,1.1149032084002712,0.037967566722269454,1000,15,"{""regressor__model__alpha"": 1.0}",0.09,standard
1,1000,rbf_krr,cm+structure,cv,0.6979558815005175,1.0149166072178843,0.04868480009952204,1000,63,"{""regressor__model__alpha"": 0.01, ""regressor__model__gamma"": 0.0031622776601683794}",2.33,standard
1,1000,ridge,cm/pca8,cv,1.1860243052716273,1.5125768948121452,0.05338095270456725,1000,15,"{""regressor__model__alpha"": 0.0001}",0.08,standard
1,1000,rbf_krr,cm/pca8,cv,1.0584981472564372,1.398110372594862,0.032661067769374434,1000,63,"{""regressor__model__alpha"": 0.001, ""regressor__model__gamma"": 0.01}",2.12,standard
1,1000,ridge,cm+structure/pca8,cv,1.1604336886689912,1.4719792197849988,0.05586092088460897,1000,15,"{""regressor__model__alpha"": 316.22776601683796}",0.08,standard
1,1000,rbf_krr,cm+structure/pca8,cv,0.9351135565528783,1.2999864397872343,0.05008303742237887,1000,63,"{""regressor__model__alpha"": 0.0001, ""regressor__model__gamma"": 0.0031622776601683794}",2.13,standard
2,100,ridge,composition,cv,1.2472558345441327,1.7943512701673505,0.35462665611115757,100,15,"{""regressor__model__alpha"": 0.0001}",0.08,standard
2,100,rbf_krr,composition,cv,1.2093714625380358,1.774085030418118,0.3465649203223879,100,63,"{""regressor__model__alpha"": 0.001, ""regressor__model__gamma"": 0.001}",0.28,standard
2,100,ridge,cm,cv,1.3673286656317083,1.940338749101356,0.2502425458479109,100,15,"{""regressor__model__alpha"": 100.0}",0.08,standard
2,100,rbf_krr,cm,cv,1.3332214339604729,1.9204320668004997,0.2862125873297527,100,63,"{""regressor__model__alpha"": 0.1, ""regressor__model__gamma"": 0.0031622776601683794}",0.28,standard
2,100,ridge,structure,cv,0.9538559590556407,1.4982142049295943,0.23682961055580978,100,15,"{""regressor__model__alpha"": 31.622776601683793}",0.08,standard
2,100,rbf_krr,structure,cv,0.956204345475233,1.4986253534141873,0.24763392170285228,100,63,"{""regressor__model__alpha"": 0.1, ""regressor__model__gamma"": 0.0031622776601683794}",0.28,standard
2,100,ridge,cm+structure,cv,0.9982672680646142,1.5582463914235614,0.2733041907402612,100,15,"{""regressor__model__alpha"": 31.622776601683793}",0.09,standard
2,100,rbf_krr,cm+structure,cv,1.0010926552638757,1.5794054539743045,0.26726121034686173,100,63,"{""regressor__model__alpha"": 0.1, ""regressor__model__gamma"": 0.001}",0.29,standard
2,100,ridge,cm/pca8,cv,1.3549319738535082,1.9346146934344342,0.253316669348646,100,15,"{""regressor__model__alpha"": 100.0}",0.08,standard
2,100,rbf_krr,cm/pca8,cv,1.2800968929427685,1.8858901881934835,0.3025761657967249,100,63,"{""regressor__model__alpha"": 0.01, ""regressor__model__gamma"": 0.001}",0.29,standard
2,100,ridge,cm+structure/pca8,cv,1.195564165085164,1.7939474038743803,0.19602737578566892,100,15,"{""regressor__model__alpha"": 0.0001}",0.08,standard
2,100,rbf_krr,cm+structure/pca8,cv,1.1000694668830666,1.7113314675033757,0.2340708464220226,100,63,"{""regressor__model__alpha"": 0.01, ""regressor__model__gamma"": 0.001}",0.29,standard
2,300,ridge,composition,cv,1.2142493048782261,1.6898724819902682,0.17452165990943339,300,15,"{""regressor__model__alpha"": 0.0001}",0.08,standard
2,300,rbf_krr,composition,cv,1.1109688233212263,1.6479032033317644,0.1539797652702123,300,63,"{""regressor__model__alpha"": 0.0001, ""regressor__model__gamma"": 0.001}",0.36,standard
2,300,ridge,cm,cv,1.3023470724882178,1.8031685688867962,0.19227345102197474,300,15,"{""regressor__model__alpha"": 100.0}",0.08,standard
2,300,rbf_krr,cm,cv,1.2397832010254408,1.753826793471289,0.16467047421002615,300,63,"{""regressor__model__alpha"": 0.1, ""regressor__model__gamma"": 0.01}",0.38,standard
2,300,ridge,structure,cv,0.9280300392642551,1.4450047575676441,0.19709375267858398,300,15,"{""regressor__model__alpha"": 10.0}",0.08,standard
2,300,rbf_krr,structure,cv,0.8724862828315816,1.4524976023957938,0.16058857690969033,300,63,"{""regressor__model__alpha"": 0.01, ""regressor__model__gamma"": 0.0031622776601683794}",0.38,standard
2,300,ridge,cm+structure,cv,0.9338755317633941,1.4495608819780166,0.18074252047267567,300,15,"{""regressor__model__alpha"": 31.622776601683793}",0.09,standard
2,300,rbf_krr,cm+structure,cv,0.9180314070600938,1.4593344737692906,0.16779877762323092,300,63,"{""regressor__model__alpha"": 0.1, ""regressor__model__gamma"": 0.0031622776601683794}",0.4,standard
2,300,ridge,cm/pca8,cv,1.2928083236549135,1.800814618419173,0.19882826264686543,300,15,"{""regressor__model__alpha"": 0.0001}",0.08,standard
2,300,rbf_krr,cm/pca8,cv,1.257318600523434,1.7804368488647029,0.17413023113141712,300,63,"{""regressor__model__alpha"": 0.001, ""regressor__model__gamma"": 0.0031622776601683794}",0.39,standard
2,300,ridge,cm+structure/pca8,cv,1.1978464799155382,1.6769869043818524,0.1899068142327291,300,15,"{""regressor__model__alpha"": 3.1622776601683795}",0.07,standard
2,300,rbf_krr,cm+structure/pca8,cv,1.0334198499119323,1.538273185353456,0.1909752678672688,300,63,"{""regressor__model__alpha"": 0.01, ""regressor__model__gamma"": 0.001}",0.37,standard
2,1000,ridge,composition,cv,1.1607519934332649,1.5329217053479007,0.0563734847896624,1000,15,"{""regressor__model__alpha"": 0.0001}",0.08,standard
2,1000,rbf_krr,composition,cv,1.0680393475215455,1.4641873493031559,0.04858401559119008,1000,63,"{""regressor__model__alpha"": 0.01, ""regressor__model__gamma"": 0.03162277660168379}",2.1,standard
2,1000,ridge,cm,cv,1.2165952976719112,1.5897076217363824,0.03166538537580398,1000,15,"{""regressor__model__alpha"": 10.0}",0.09,standard
2,1000,rbf_krr,cm,cv,1.0536581111014487,1.428417545302614,0.03152958001523098,1000,63,"{""regressor__model__alpha"": 0.1, ""regressor__model__gamma"": 0.03162277660168379}",2.15,standard
2,1000,ridge,structure,cv,0.803479796996473,1.1650055703836724,0.05527024939678,1000,15,"{""regressor__model__alpha"": 1.0}",0.09,standard
2,1000,rbf_krr,structure,cv,0.7264804545621234,1.0998720761018497,0.03008429245107044,1000,63,"{""regressor__model__alpha"": 0.01, ""regressor__model__gamma"": 0.0031622776601683794}",2.21,standard
2,1000,ridge,cm+structure,cv,0.806951804390668,1.1660620013699898,0.058999852851235345,1000,15,"{""regressor__model__alpha"": 0.31622776601683794}",0.1,standard
2,1000,rbf_krr,cm+structure,cv,0.7396607486806372,1.1228763065475524,0.04530442067524801,1000,63,"{""regressor__model__alpha"": 0.01, ""regressor__model__gamma"": 0.001}",2.38,standard
2,1000,ridge,cm/pca8,cv,1.2318873968436288,1.6030700916494725,0.04312816240754393,1000,15,"{""regressor__model__alpha"": 0.0001}",0.08,standard
2,1000,rbf_krr,cm/pca8,cv,1.0773230967454557,1.4705840465886844,0.042017618184657005,1000,63,"{""regressor__model__alpha"": 0.001, ""regressor__model__gamma"": 0.01}",2.09,standard
2,1000,ridge,cm+structure/pca8,cv,1.1917297303714998,1.5524569996124509,0.03060445849688838,1000,15,"{""regressor__model__alpha"": 316.22776601683796}",0.09,standard
2,1000,rbf_krr,cm+structure/pca8,cv,0.9443324856577572,1.338776160759902,0.045704791318919115,1000,63,"{""regressor__model__alpha"": 0.0001, ""regressor__model__gamma"": 0.001}",2.2,standard
0,100,ridge,composition,cv,1.1958949009531832,1.46678947787195,0.22616440139091268,100,15,"{""regressor__model__alpha"": 0.31622776601683794}",0.07,robust
0,100,rbf_krr,composition,cv,1.0250125452465544,1.358676177404717,0.1321972897720525,100,63,"{""regressor__model__alpha"": 0.1, ""regressor__model__gamma"": 0.31622776601683794}",0.28,robust
0,100,ridge,cm,cv,1.2836032515190714,1.566376920360495,0.22081741634074467,100,15,"{""regressor__model__alpha"": 10.0}",0.09,robust
0,100,rbf_krr,cm,cv,1.1525131247302531,1.5423205687132833,0.22381288834792146,100,63,"{""regressor__model__alpha"": 0.01, ""regressor__model__gamma"": 0.03162277660168379}",0.28,robust
0,100,ridge,structure,cv,0.8152547054156148,1.0672839714214775,0.14103458684042555,100,15,"{""regressor__model__alpha"": 0.31622776601683794}",0.08,robust
0,100,rbf_krr,structure,cv,0.8239180343384496,1.0938240318327623,0.11948126568330315,100,63,"{""regressor__model__alpha"": 0.001, ""regressor__model__gamma"": 0.001}",0.28,robust
0,100,ridge,cm+structure,cv,0.817371484529616,1.05732654923442,0.1360929406212758,100,15,"{""regressor__model__alpha"": 3.1622776601683795}",0.1,robust
0,100,rbf_krr,cm+structure,cv,0.8347230194380706,1.0779801612373678,0.10516693131680192,100,63,"{""regressor__model__alpha"": 0.01, ""regressor__model__gamma"": 0.001}",0.29,robust
0,100,ridge,cm/pca8,cv,1.2677628055074202,1.5596283193169789,0.23273347862401864,100,15,"{""regressor__model__alpha"": 3.1622776601683795}",0.08,robust
0,100,rbf_krr,cm/pca8,cv,1.1480209257854113,1.5170875569298867,0.24292693250205963,100,63,"{""regressor__model__alpha"": 0.01, ""regressor__model__gamma"": 0.01}",0.27,robust
0,100,ridge,cm+structure/pca8,cv,1.0162410646893276,1.3333339496381338,0.18389353201925576,100,15,"{""regressor__model__alpha"": 0.0001}",0.09,robust
0,100,rbf_krr,cm+structure/pca8,cv,1.0205662155368194,1.3356457038074774,0.17345943198736755,100,63,"{""regressor__model__alpha"": 0.01, ""regressor__model__gamma"": 0.001}",0.28,robust
0,300,ridge,composition,cv,1.160301638618431,1.4726789262057585,0.11620353535319561,300,15,"{""regressor__model__alpha"": 0.03162277660168379}",0.08,robust
0,300,rbf_krr,composition,cv,1.0804851452810111,1.409248861999605,0.1098313926656686,300,63,"{""regressor__model__alpha"": 0.1, ""regressor__model__gamma"": 0.03162277660168379}",0.35,robust
0,300,ridge,cm,cv,1.241133633015196,1.5609440095859486,0.12477946054402078,300,15,"{""regressor__model__alpha"": 31.622776601683793}",0.09,robust
0,300,rbf_krr,cm,cv,1.0923675372889403,1.4531503058252149,0.1296595830823618,300,63,"{""regressor__model__alpha"": 0.1, ""regressor__model__gamma"": 0.1}",0.38,robust
0,300,ridge,structure,cv,0.746047959022949,1.0730999864695148,0.12822022795890134,300,15,"{""regressor__model__alpha"": 0.1}",0.08,robust
0,300,rbf_krr,structure,cv,0.7082999524761103,1.0204772066084264,0.1398553398211516,300,63,"{""regressor__model__alpha"": 0.001, ""regressor__model__gamma"": 0.001}",0.38,robust
0,300,ridge,cm+structure,cv,0.7933877645904692,1.1113950713886092,0.13973436560275163,300,15,"{""regressor__model__alpha"": 1.0}",0.1,robust
0,300,rbf_krr,cm+structure,cv,0.7555156675374942,1.0640380265611653,0.11056347321242206,300,63,"{""regressor__model__alpha"": 0.01, ""regressor__model__gamma"": 0.0031622776601683794}",0.4,robust
0,300,ridge,cm/pca8,cv,1.2384428079176855,1.560227612739311,0.1232121064047393,300,15,"{""regressor__model__alpha"": 31.622776601683793}",0.08,robust
0,300,rbf_krr,cm/pca8,cv,1.1068700370910844,1.4689352910895088,0.10764184079734124,300,63,"{""regressor__model__alpha"": 0.1, ""regressor__model__gamma"": 0.03162277660168379}",0.36,robust
0,300,ridge,cm+structure/pca8,cv,1.0786591656425168,1.397099332966612,0.17656012783698682,300,15,"{""regressor__model__alpha"": 0.0001}",0.09,robust
0,300,rbf_krr,cm+structure/pca8,cv,0.9364907775399453,1.2558921879441274,0.12644919409530733,300,63,"{""regressor__model__alpha"": 0.1, ""regressor__model__gamma"": 0.01}",0.4,robust
0,1000,ridge,composition,cv,1.2495160405450119,1.87898837277092,0.09758131848775287,1000,15,"{""regressor__model__alpha"": 3.1622776601683795}",0.1,robust
0,1000,rbf_krr,composition,cv,1.1418998654258854,1.8121222155160202,0.09702573127041483,1000,63,"{""regressor__model__alpha"": 0.01, ""regressor__model__gamma"": 0.03162277660168379}",2.18,robust
0,1000,ridge,cm,cv,1.2915042032540591,1.9285993571179645,0.09301829159311367,1000,15,"{""regressor__model__alpha"": 0.31622776601683794}",0.09,robust
0,1000,rbf_krr,cm,cv,1.1479856526897645,1.8089824473423914,0.07121933147403406,1000,63,"{""regressor__model__alpha"": 0.1, ""regressor__model__gamma"": 0.03162277660168379}",2.2,robust
0,1000,ridge,structure,cv,0.8803449446306543,1.5033750453716488,0.0706696340796669,1000,15,"{""regressor__model__alpha"": 31.622776601683793}",0.09,robust
0,1000,rbf_krr,structure,cv,0.7726575875567258,1.3044493570547082,0.04692684873679306,1000,63,"{""regressor__model__alpha"": 0.01, ""regressor__model__gamma"": 0.01}",2.17,robust
0,1000,ridge,cm+structure,cv,0.8919191338877754,1.5065734655759533,0.05974733036551667,1000,15,"{""regressor__model__alpha"": 31.622776601683793}",0.11,robust
0,1000,rbf_krr,cm+structure,cv,0.8395739951153656,1.4534948224450561,0.05714532774984156,1000,63,"{""regressor__model__alpha"": 0.1, ""regressor__model__gamma"": 0.01}",2.35,robust
0,1000,ridge,cm/pca8,cv,1.32456429561386,1.9674884658820346,0.130392650179849,1000,15,"{""regressor__model__alpha"": 0.0001}",0.09,robust
0,1000,rbf_krr,cm/pca8,cv,1.1766560228853487,1.8321930235032955,0.04514233706820856,1000,63,"{""regressor__model__alpha"": 1e-05, ""regressor__model__gamma"": 0.001}",2.11,robust
0,1000,ridge,cm+structure/pca8,cv,1.0430716858313949,1.688729338385674,0.0766930428185454,1000,15,"{""regressor__model__alpha"": 3.1622776601683795}",0.09,robust
0,1000,rbf_krr,cm+structure/pca8,cv,0.9691132373124995,1.6587026679518126,0.0466005153569324,1000,63,"{""regressor__model__alpha"": 1.0, ""regressor__model__gamma"": 0.03162277660168379}",2.21,robust
1,100,ridge,composition,cv,1.084848497804221,1.3762083818537325,0.15628271467268737,100,15,"{""regressor__model__alpha"": 3.1622776601683795}",0.08,robust
1,100,rbf_krr,composition,cv,1.040235105495258,1.3430127726310435,0.11963130691424412,100,63,"{""regressor__model__alpha"": 0.0001, ""regressor__model__gamma"": 0.001}",0.27,robust
1,100,ridge,cm,cv,1.1307858126332209,1.4423045478270924,0.17408712007986948,100,15,"{""regressor__model__alpha"": 100.0}",0.08,robust
1,100,rbf_krr,cm,cv,1.1311563230122716,1.4322983088061891,0.16223946341680692,100,63,"{""regressor__model__alpha"": 1.0, ""regressor__model__gamma"": 0.01}",0.28,robust
1,100,ridge,structure,cv,0.8514500435946124,1.1644293873607166,0.1775922317289222,100,15,"{""regressor__model__alpha"": 3.1622776601683795}",0.08,robust
1,100,rbf_krr,structure,cv,0.8269889136028441,1.1477962208065395,0.17526328997668197,100,63,"{""regressor__model__alpha"": 0.01, ""regressor__model__gamma"": 0.001}",0.28,robust
1,100,ridge,cm+structure,cv,0.8847268477585669,1.2189551855342566,0.1255026576088443,100,15,"{""regressor__model__alpha"": 10.0}",0.09,robust
1,100,rbf_krr,cm+structure,cv,0.8922743009065452,1.2416643587333416,0.1327640503671828,100,63,"{""regressor__model__alpha"": 0.01, ""regressor__model__gamma"": 0.001}",0.29,robust
1,100,ridge,cm/pca8,cv,1.130056502590404,1.438445731601086,0.17547298864454589,100,15,"{""regressor__model__alpha"": 100.0}",0.08,robust
1,100,rbf_krr,cm/pca8,cv,1.1217260167237655,1.4515735568235715,0.1253155789146451,100,63,"{""regressor__model__alpha"": 0.1, ""regressor__model__gamma"": 0.01}",0.27,robust
1,100,ridge,cm+structure/pca8,cv,1.0552596993110768,1.3738434960084511,0.172368051936935,100,15,"{""regressor__model__alpha"": 100.0}",0.09,robust
1,100,rbf_krr,cm+structure/pca8,cv,0.9800740092953798,1.2991694052451725,0.12933249957209678,100,63,"{""regressor__model__alpha"": 0.1, ""regressor__model__gamma"": 0.0031622776601683794}",0.3,robust
1,300,ridge,composition,cv,1.1884780586869848,1.5305885977603984,0.11417895550894455,300,15,"{""regressor__model__alpha"": 0.0001}",0.08,robust
1,300,rbf_krr,composition,cv,1.1367657265470545,1.4788639864953834,0.09209122362123359,300,63,"{""regressor__model__alpha"": 0.001, ""regressor__model__gamma"": 0.03162277660168379}",0.37,robust
1,300,ridge,cm,cv,1.2238087456590745,1.5703957782398006,0.13983553155834172,300,15,"{""regressor__model__alpha"": 31.622776601683793}",0.09,robust
1,300,rbf_krr,cm,cv,1.1748575156887944,1.539052874357519,0.07980432441540711,300,63,"{""regressor__model__alpha"": 0.1, ""regressor__model__gamma"": 0.31622776601683794}",0.37,robust
1,300,ridge,structure,cv,0.8372169729156017,1.1481711675809871,0.07445236468847694,300,15,"{""regressor__model__alpha"": 3.1622776601683795}",0.08,robust
1,300,rbf_krr,structure,cv,0.8037111210617024,1.128216260496282,0.0896013465088851,300,63,"{""regressor__model__alpha"": 0.001, ""regressor__model__gamma"": 0.001}",0.36,robust
1,300,ridge,cm+structure,cv,0.8657851355927684,1.1727259641602612,0.0583080802540528,300,15,"{""regressor__model__alpha"": 10.0}",0.1,robust
1,300,rbf_krr,cm+structure,cv,0.8522447008164539,1.1731986534431367,0.05576877130593365,300,63,"{""regressor__model__alpha"": 0.01, ""regressor__model__gamma"": 0.001}",0.42,robust
1,300,ridge,cm/pca8,cv,1.2134406061282816,1.5634952537447246,0.14203424347114013,300,15,"{""regressor__model__alpha"": 10.0}",0.08,robust
1,300,rbf_krr,cm/pca8,cv,1.1678616855153188,1.4989090386885553,0.1011430117878566,300,63,"{""regressor__model__alpha"": 0.1, ""regressor__model__gamma"": 0.01}",0.37,robust
1,300,ridge,cm+structure/pca8,cv,1.1320205272665391,1.4673109341101336,0.08105205091718914,300,15,"{""regressor__model__alpha"": 31.622776601683793}",0.09,robust
1,300,rbf_krr,cm+structure/pca8,cv,1.035721421195949,1.374500727871577,0.10541689327663215,300,63,"{""regressor__model__alpha"": 0.01, ""regressor__model__gamma"": 0.0031622776601683794}",0.39,robust
1,1000,ridge,composition,cv,1.1378645085404222,1.4544747409646304,0.027796692629541667,1000,15,"{""regressor__model__alpha"": 0.0001}",0.08,robust
1,1000,rbf_krr,composition,cv,1.03500540241811,1.381067489958255,0.008380736415705354,1000,63,"{""regressor__model__alpha"": 1e-05, ""regressor__model__gamma"": 0.0031622776601683794}",2.09,robust
1,1000,ridge,cm,cv,1.1768272103566755,1.5116436242017794,0.04276140769627203,1000,15,"{""regressor__model__alpha"": 0.1}",0.08,robust
1,1000,rbf_krr,cm,cv,1.0381066001866204,1.3852594986848017,0.05109339596942415,1000,63,"{""regressor__model__alpha"": 0.01, ""regressor__model__gamma"": 0.01}",2.18,robust
1,1000,ridge,structure,cv,0.787535251376482,1.1124266775010379,0.028231075572265077,1000,15,"{""regressor__model__alpha"": 0.31622776601683794}",0.08,robust
1,1000,rbf_krr,structure,cv,0.6937726035072852,1.0284029112415904,0.046661599049789136,1000,63,"{""regressor__model__alpha"": 0.01, ""regressor__model__gamma"": 0.01}",2.18,robust
1,1000,ridge,cm+structure,cv,0.797522732904941,1.113508402254908,0.03670611264294562,1000,15,"{""regressor__model__alpha"": 1.0}",0.11,robust
1,1000,rbf_krr,cm+structure,cv,0.72441000733998,1.053302210697512,0.05747105263699651,1000,63,"{""regressor__model__alpha"": 0.001, ""regressor__model__gamma"": 0.001}",2.35,robust
1,1000,ridge,cm/pca8,cv,1.2057662860367313,1.5339755746398969,0.04612672009476499,1000,15,"{""regressor__model__alpha"": 10.0}",0.1,robust
1,1000,rbf_krr,cm/pca8,cv,1.084567065328609,1.4185779857217204,0.04611018402584182,1000,63,"{""regressor__model__alpha"": 0.0001, ""regressor__model__gamma"": 0.0031622776601683794}",2.21,robust
1,1000,ridge,cm+structure/pca8,cv,1.1172125996920563,1.4251835498890724,0.1285682342743314,1000,15,"{""regressor__model__alpha"": 0.0001}",0.09,robust
1,1000,rbf_krr,cm+structure/pca8,cv,0.9398780446170731,1.2793652415773042,0.061203807612489274,1000,63,"{""regressor__model__alpha"": 0.01, ""regressor__model__gamma"": 0.0031622776601683794}",2.13,robust
2,100,ridge,composition,cv,1.2472562747920974,1.7943508249139555,0.3546258882885131,100,15,"{""regressor__model__alpha"": 0.0001}",0.07,robust
2,100,rbf_krr,composition,cv,1.1984149898600562,1.770255253672043,0.3425109690206955,100,63,"{""regressor__model__alpha"": 0.0001, ""regressor__model__gamma"": 0.001}",0.28,robust
2,100,ridge,cm,cv,1.3842681724561658,1.9418939244912339,0.2228345905972339,100,15,"{""regressor__model__alpha"": 100.0}",0.08,robust
2,100,rbf_krr,cm,cv,1.3338526415816716,1.9007925143339528,0.2910692388161379,100,63,"{""regressor__model__alpha"": 0.1, ""regressor__model__gamma"": 0.01}",0.28,robust
2,100,ridge,structure,cv,0.9424368987672538,1.465684405567236,0.22150034844518907,100,15,"{""regressor__model__alpha"": 10.0}",0.08,robust
2,100,rbf_krr,structure,cv,0.9423976432073594,1.5105924862155202,0.2383524180093692,100,63,"{""regressor__model__alpha"": 0.1, ""regressor__model__gamma"": 0.01}",0.29,robust
2,100,ridge,cm+structure,cv,0.9665511643015878,1.5256665704212344,0.2590847604005685,100,15,"{""regressor__model__alpha"": 10.0}",0.09,robust
2,100,rbf_krr,cm+structure,cv,0.9788276889866107,1.5598327903159972,0.2509813493887226,100,63,"{""regressor__model__alpha"": 0.1, ""regressor__model__gamma"": 0.0031622776601683794}",0.31,robust
2,100,ridge,cm/pca8,cv,1.3803658824976772,1.9377124075934058,0.22283021130989655,100,15,"{""regressor__model__alpha"": 100.0}",0.08,robust
2,100,rbf_krr,cm/pca8,cv,1.309255300235189,1.8682558312798518,0.2944257138389102,100,63,"{""regressor__model__alpha"": 0.1, ""regressor__model__gamma"": 0.01}",0.27,robust
2,100,ridge,cm+structure/pca8,cv,1.135865507149559,1.7077522618588132,0.23703711825881818,100,15,"{""regressor__model__alpha"": 0.0001}",0.09,robust
2,100,rbf_krr,cm+structure/pca8,cv,1.088694395336395,1.7051335245522268,0.19313865397008373,100,63,"{""regressor__model__alpha"": 0.01, ""regressor__model__gamma"": 0.001}",0.32,robust
2,300,ridge,composition,cv,1.21424949456391,1.6898724158781993,0.1745217724644452,300,15,"{""regressor__model__alpha"": 0.0001}",0.08,robust
2,300,rbf_krr,composition,cv,1.1119909905255516,1.6536038586289377,0.155992732330864,300,63,"{""regressor__model__alpha"": 1e-05, ""regressor__model__gamma"": 0.001}",0.35,robust
2,300,ridge,cm,cv,1.316009058610369,1.8136563125169611,0.1881645948734591,300,15,"{""regressor__model__alpha"": 31.622776601683793}",0.08,robust
2,300,rbf_krr,cm,cv,1.2405701053313798,1.7483944834468823,0.1505707357544439,300,63,"{""regressor__model__alpha"": 0.001, ""regressor__model__gamma"": 0.001}",0.37,robust
2,300,ridge,structure,cv,0.9292741424431942,1.4431241409928766,0.1952352222755799,300,15,"{""regressor__model__alpha"": 3.1622776601683795}",0.1,robust
2,300,rbf_krr,structure,cv,0.880574325841993,1.4345778809839997,0.20199233296669727,300,63,"{""regressor__model__alpha"": 0.1, ""regressor__model__gamma"": 0.01}",0.42,robust
2,300,ridge,cm+structure,cv,0.9412246555710013,1.4574728766164402,0.17463311223109082,300,15,"{""regressor__model__alpha"": 10.0}",0.1,robust
2,300,rbf_krr,cm+structure,cv,0.9239746514411813,1.4473185010379348,0.17998138972493505,300,63,"{""regressor__model__alpha"": 0.01, ""regressor__model__gamma"": 0.001}",0.4,robust
2,300,ridge,cm/pca8,cv,1.3212431651909613,1.8068172606585307,0.1808954615539927,300,15,"{""regressor__model__alpha"": 100.0}",0.08,robust
2,300,rbf_krr,cm/pca8,cv,1.2674590967965564,1.7551371261093927,0.13629324249725178,300,63,"{""regressor__model__alpha"": 0.1, ""regressor__model__gamma"": 0.01}",0.37,robust
2,300,ridge,cm+structure/pca8,cv,1.2170338251500195,1.6793097824041627,0.19906137968939244,300,15,"{""regressor__model__alpha"": 31.622776601683793}",0.08,robust
2,300,rbf_krr,cm+structure/pca8,cv,1.066093408486513,1.5881017996179645,0.18884711903257276,300,63,"{""regressor__model__alpha"": 0.1, ""regressor__model__gamma"": 0.01}",0.42,robust
2,1000,ridge,composition,cv,1.160752025900114,1.5329217011344312,0.05637344180367529,1000,15,"{""regressor__model__alpha"": 0.0001}",0.08,robust
2,1000,rbf_krr,composition,cv,1.0682260959053125,1.4652558473533068,0.0478692147491711,1000,63,"{""regressor__model__alpha"": 0.001, ""regressor__model__gamma"": 0.03162277660168379}",2.55,robust
2,1000,ridge,cm,cv,1.2156075906953778,1.5918985759931712,0.030928015700522473,1000,15,"{""regressor__model__alpha"": 0.31622776601683794}",0.11,robust
2,1000,rbf_krr,cm,cv,1.046099752532549,1.42234953524651,0.02074143605268237,1000,63,"{""regressor__model__alpha"": 0.1, ""regressor__model__gamma"": 0.1}",2.24,robust
2,1000,ridge,structure,cv,0.803755407974302,1.1645153390298042,0.05596925889697328,1000,15,"{""regressor__model__alpha"": 0.31622776601683794}",0.1,robust
2,1000,rbf_krr,structure,cv,0.7336789672866316,1.0963055143277245,0.043529373814585666,1000,63,"{""regressor__model__alpha"": 0.001, ""regressor__model__gamma"": 0.001}",2.25,robust
2,1000,ridge,cm+structure,cv,0.8041452622784865,1.163120280097538,0.059652400312339315,1000,15,"{""regressor__model__alpha"": 0.31622776601683794}",0.1,robust
2,1000,rbf_krr,cm+structure,cv,0.7462002687114364,1.1108276032650475,0.05848053633446012,1000,63,"{""regressor__model__alpha"": 0.001, ""regressor__model__gamma"": 0.001}",2.42,robust
2,1000,ridge,cm/pca8,cv,1.236703300784121,1.6126306441971014,0.04512292900540142,1000,15,"{""regressor__model__alpha"": 0.0001}",0.09,robust
2,1000,rbf_krr,cm/pca8,cv,1.1095812675993801,1.498039032987672,0.02921161024908484,1000,63,"{""regressor__model__alpha"": 0.01, ""regressor__model__gamma"": 0.03162277660168379}",2.13,robust
2,1000,ridge,cm+structure/pca8,cv,1.1688291896011265,1.5247163526120553,0.04044329585005588,1000,15,"{""regressor__model__alpha"": 0.0001}",0.09,robust
2,1000,rbf_krr,cm+structure/pca8,cv,0.9671306357035497,1.3417408862701927,0.02280277404984709,1000,63,"{""regressor__model__alpha"": 0.01, ""regressor__model__gamma"": 0.0031622776601683794}",2.13,robust
0,100,ridge,composition,cv,1.177754707607501,1.4389574278148558,0.18938093371027587,100,15,"{""regressor__model__alpha"": 3.1622776601683795}",0.08,log_standard
0,100,rbf_krr,composition,cv,1.0280228848614532,1.309618011373695,0.14916704534431363,100,63,"{""regressor__model__alpha"": 1.0, ""regressor__model__gamma"": 0.31622776601683794}",0.27,log_standard
0,100,ridge,cm,cv,1.268730052834502,1.5536783402538483,0.1598137245778204,100,15,"{""regressor__model__alpha"": 31.622776601683793}",0.08,log_standard
0,100,rbf_krr,cm,cv,1.1979656701800412,1.6252103946996805,0.2922462484254609,100,63,"{""regressor__model__alpha"": 0.01, ""regressor__model__gamma"": 0.03162277660168379}",0.27,log_standard
0,100,ridge,structure,cv,0.82814722065947,1.050541821828243,0.13819926259937892,100,15,"{""regressor__model__alpha"": 3.1622776601683795}",0.07,log_standard
0,100,rbf_krr,structure,cv,0.7605698489653124,1.0212912146504087,0.09825211467295661,100,63,"{""regressor__model__alpha"": 0.01, ""regressor__model__gamma"": 0.03162277660168379}",0.29,log_standard
0,100,ridge,cm+structure,cv,0.8004942554014892,1.0404519025780194,0.12395120195119383,100,15,"{""regressor__model__alpha"": 31.622776601683793}",0.08,log_standard
0,100,rbf_krr,cm+structure,cv,0.8059308079649408,1.060457494978336,0.09419926493737069,100,63,"{""regressor__model__alpha"": 0.1, ""regressor__model__gamma"": 0.0031622776601683794}",0.28,log_standard
0,100,ridge,cm/pca8,cv,1.242447862127592,1.5373744680408818,0.18087922754914423,100,15,"{""regressor__model__alpha"": 10.0}",0.08,log_standard
0,100,rbf_krr,cm/pca8,cv,1.1367056165239253,1.4460885388081186,0.2345632669104179,100,63,"{""regressor__model__alpha"": 0.01, ""regressor__model__gamma"": 0.0031622776601683794}",0.28,log_standard
0,100,ridge,cm+structure/pca8,cv,0.7993929644689404,1.0218369693970217,0.12535471919481977,100,15,"{""regressor__model__alpha"": 0.0001}",0.08,log_standard
0,100,rbf_krr,cm+structure/pca8,cv,0.8132998141448159,1.0467220424174704,0.10705263499381042,100,63,"{""regressor__model__alpha"": 0.01, ""regressor__model__gamma"": 0.001}",0.31,log_standard
0,300,ridge,composition,cv,1.1508064668535571,1.4495300862035378,0.11432991115768952,300,15,"{""regressor__model__alpha"": 10.0}",0.08,log_standard
0,300,rbf_krr,composition,cv,1.0839962453034582,1.42525844396764,0.11755386595359964,300,63,"{""regressor__model__alpha"": 0.1, ""regressor__model__gamma"": 0.03162277660168379}",0.35,log_standard
0,300,ridge,cm,cv,1.2452049100616094,1.556755117709483,0.12935615463903227,300,15,"{""regressor__model__alpha"": 100.0}",0.08,log_standard
0,300,rbf_krr,cm,cv,1.1133303217921966,1.4727579761692293,0.139201418307104,300,63,"{""regressor__model__alpha"": 0.1, ""regressor__model__gamma"": 0.03162277660168379}",0.38,log_standard
0,300,ridge,structure,cv,0.6969168954824337,0.9860682496950626,0.12512651160696162,300,15,"{""regressor__model__alpha"": 0.1}",0.08,log_standard
0,300,rbf_krr,structure,cv,0.6868055511301338,0.9918325689940096,0.14047934592935143,300,63,"{""regressor__model__alpha"": 0.01, ""regressor__model__gamma"": 0.001}",0.37,log_standard
0,300,ridge,cm+structure,cv,0.7523172048550131,1.0401552953613211,0.13510264700315186,300,15,"{""regressor__model__alpha"": 10.0}",0.09,log_standard
0,300,rbf_krr,cm+structure,cv,0.7357168743246667,1.0347097909253402,0.13812361964198788,300,63,"{""regressor__model__alpha"": 0.01, ""regressor__model__gamma"": 0.001}",0.43,log_standard
0,300,ridge,cm/pca8,cv,1.235468296623326,1.5514281548514564,0.11741692670350821,300,15,"{""regressor__model__alpha"": 31.622776601683793}",0.08,log_standard
0,300,rbf_krr,cm/pca8,cv,1.1355265989971115,1.4837179882997724,0.14538645941285905,300,63,"{""regressor__model__alpha"": 0.001, ""regressor__model__gamma"": 0.0031622776601683794}",0.36,log_standard
0,300,ridge,cm+structure/pca8,cv,1.108288133730274,1.4263404155100292,0.12046998464275058,300,15,"{""regressor__model__alpha"": 31.622776601683793}",0.08,log_standard
0,300,rbf_krr,cm+structure/pca8,cv,0.9371248704521077,1.2538256535164414,0.10523327568164946,300,63,"{""regressor__model__alpha"": 0.1, ""regressor__model__gamma"": 0.01}",0.36,log_standard
0,1000,ridge,composition,cv,1.2490828782856755,1.8779214688927728,0.09637142807179035,1000,15,"{""regressor__model__alpha"": 10.0}",0.09,log_standard
0,1000,rbf_krr,composition,cv,1.1384770611447665,1.810297663975378,0.09490661313745957,1000,63,"{""regressor__model__alpha"": 0.1, ""regressor__model__gamma"": 0.03162277660168379}",2.1,log_standard
0,1000,ridge,cm,cv,1.2900048789425436,1.9350203838724693,0.09823917168323928,1000,15,"{""regressor__model__alpha"": 100.0}",0.09,log_standard
0,1000,rbf_krr,cm,cv,1.1757769782120921,1.8238308068245317,0.08103213754953752,1000,63,"{""regressor__model__alpha"": 0.1, ""regressor__model__gamma"": 0.01}",2.15,log_standard
0,1000,ridge,structure,cv,0.8512857879746076,1.5014606079359463,0.05181070016017785,1000,15,"{""regressor__model__alpha"": 100.0}",0.08,log_standard
0,1000,rbf_krr,structure,cv,0.7930906201796007,1.4116351750909986,0.03251535799506217,1000,63,"{""regressor__model__alpha"": 0.1, ""regressor__model__gamma"": 0.01}",2.21,log_standard
0,1000,ridge,cm+structure,cv,0.8601427574132521,1.5115647860975074,0.053695287271035744,1000,15,"{""regressor__model__alpha"": 100.0}",0.11,log_standard
0,1000,rbf_krr,cm+structure,cv,0.8407261090676599,1.4910245759070682,0.02637482597559887,1000,63,"{""regressor__model__alpha"": 0.1, ""regressor__model__gamma"": 0.0031622776601683794}",2.34,log_standard
0,1000,ridge,cm/pca8,cv,1.3011773562894173,1.9469760979630477,0.10494534334686012,1000,15,"{""regressor__model__alpha"": 0.0001}",0.1,log_standard
0,1000,rbf_krr,cm/pca8,cv,1.1914107065584216,1.8591614012090758,0.05159357640834505,1000,63,"{""regressor__model__alpha"": 0.001, ""regressor__model__gamma"": 0.01}",2.1,log_standard
0,1000,ridge,cm+structure/pca8,cv,1.1782669865746056,1.8094034426831078,0.08967713107003804,1000,15,"{""regressor__model__alpha"": 1.0}",0.09,log_standard
0,1000,rbf_krr,cm+structure/pca8,cv,0.9724179049189599,1.68555016019914,0.042447987066748204,1000,63,"{""regressor__model__alpha"": 0.1, ""regressor__model__gamma"": 0.01}",2.18,log_standard
1,100,ridge,composition,cv,1.0498404257210885,1.3371477742933118,0.16642622049300648,100,15,"{""regressor__model__alpha"": 0.0001}",0.08,log_standard
1,100,rbf_krr,composition,cv,1.0280566585960684,1.328126382165504,0.1331543650265235,100,63,"{""regressor__model__alpha"": 0.001, ""regressor__model__gamma"": 0.001}",0.29,log_standard
1,100,ridge,cm,cv,1.1165885989276128,1.417226655060092,0.15612918466341397,100,15,"{""regressor__model__alpha"": 316.22776601683796}",0.08,log_standard
1,100,rbf_krr,cm,cv,1.1278404661420824,1.427882406930792,0.1504023682951425,100,63,"{""regressor__model__alpha"": 1.0, ""regressor__model__gamma"": 0.0031622776601683794}",0.3,log_standard
1,100,ridge,structure,cv,0.8162186458422609,1.1108757151359088,0.14206023314906469,100,15,"{""regressor__model__alpha"": 31.622776601683793}",0.08,log_standard
1,100,rbf_krr,structure,cv,0.8001027571126182,1.1169107304741477,0.1472938162081307,100,63,"{""regressor__model__alpha"": 0.1, ""regressor__model__gamma"": 0.0031622776601683794}",0.29,log_standard
1,100,ridge,cm+structure,cv,0.8755931785248283,1.1645484250773865,0.12611615051187355,100,15,"{""regressor__model__alpha"": 31.622776601683793}",0.08,log_standard
1,100,rbf_krr,cm+structure,cv,0.8937113872036622,1.1743069556178847,0.0973227159985156,100,63,"{""regressor__model__alpha"": 0.1, ""regressor__model__gamma"": 0.001}",0.29,log_standard
1,100,ridge,cm/pca8,cv,1.1068122025155096,1.4108098459266079,0.1290519797315912,100,15,"{""regressor__model__alpha"": 100.0}",0.09,log_standard
1,100,rbf_krr,cm/pca8,cv,1.1061173520401768,1.3978700431267295,0.10380330821063082,100,63,"{""regressor__model__alpha"": 0.001, ""regressor__model__gamma"": 0.001}",0.27,log_standard
1,100,ridge,cm+structure/pca8,cv,1.0156722808333283,1.369209699309121,0.15405595062160535,100,15,"{""regressor__model__alpha"": 31.622776601683793}",0.08,log_standard
1,100,rbf_krr,cm+structure/pca8,cv,0.9942334936196676,1.3205311730366418,0.13081351068094602,100,63,"{""regressor__model__alpha"": 0.01, ""regressor__model__gamma"": 0.001}",0.27,log_standard
1,300,ridge,composition,cv,1.1766970437172386,1.525952088293975,0.093134839955808,300,15,"{""regressor__model__alpha"": 3.1622776601683795}",0.08,log_standard
1,300,rbf_krr,composition,cv,1.1345455098366815,1.4804207263986555,0.0818515831394232,300,63,"{""regressor__model__alpha"": 0.001, ""regressor__model__gamma"": 0.001}",0.38,log_standard
1,300,ridge,cm,cv,1.2156681908854674,1.556556472458226,0.15245280055913896,300,15,"{""regressor__model__alpha"": 316.22776601683796}",0.09,log_standard
1,300,rbf_krr,cm,cv,1.185525208101273,1.5099075111164215,0.0853844048957447,300,63,"{""regressor__model__alpha"": 0.01, ""regressor__model__gamma"": 0.0031622776601683794}",0.42,log_standard
1,300,ridge,structure,cv,0.8221345215411596,1.1434604565896318,0.09653753030485736,300,15,"{""regressor__model__alpha"": 10.0}",0.08,log_standard
1,300,rbf_krr,structure,cv,0.8003217667584721,1.1499049241410382,0.10099342274846938,300,63,"{""regressor__model__alpha"": 0.01, ""regressor__model__gamma"": 0.0031622776601683794}",0.42,log_standard
1,300,ridge,cm+structure,cv,0.8482938512992549,1.1639659157004347,0.08565739524488276,300,15,"{""regressor__model__alpha"": 31.622776601683793}",0.08,log_standard
1,300,rbf_krr,cm+structure,cv,0.830786608908744,1.1635027563286158,0.070897152040501,300,63,"{""regressor__model__alpha"": 0.1, ""regressor__model__gamma"": 0.0031622776601683794}",0.42,log_standard
1,300,ridge,cm/pca8,cv,1.2156599553610326,1.5583483660741382,0.1500995010545193,300,15,"{""regressor__model__alpha"": 100.0}",0.09,log_standard
1,300,rbf_krr,cm/pca8,cv,1.1837098502445869,1.5045169968341479,0.10596660614850842,300,63,"{""regressor__model__alpha"": 0.001, ""regressor__model__gamma"": 0.001}",0.41,log_standard
1,300,ridge,cm+structure/pca8,cv,1.1390925328164458,1.4786347498628745,0.0707782825795765,300,15,"{""regressor__model__alpha"": 100.0}",0.09,log_standard
1,300,rbf_krr,cm+structure/pca8,cv,0.9869483327564035,1.346253396071582,0.14061502606697243,300,63,"{""regressor__model__alpha"": 0.0001, ""regressor__model__gamma"": 0.001}",0.4,log_standard
1,1000,ridge,composition,cv,1.1383222686435661,1.4547716952001606,0.0282172325542904,1000,15,"{""regressor__model__alpha"": 0.0001}",0.08,log_standard
1,1000,rbf_krr,composition,cv,1.0340529390075637,1.3809382292554024,0.008399412309056713,1000,63,"{""regressor__model__alpha"": 0.0001, ""regressor__model__gamma"": 0.0031622776601683794}",2.47,log_standard
1,1000,ridge,cm,cv,1.1819016478437006,1.5116161220482973,0.04791862191696804,1000,15,"{""regressor__model__alpha"": 100.0}",0.09,log_standard
1,1000,rbf_krr,cm,cv,1.0320905033538874,1.3766243301923171,0.02801033800340239,1000,63,"{""regressor__model__alpha"": 0.01, ""regressor__model__gamma"": 0.01}",2.28,log_standard
1,1000,ridge,structure,cv,0.759048259050604,1.0885640406320647,0.03241265135922324,1000,15,"{""regressor__model__alpha"": 10.0}",0.09,log_standard
1,1000,rbf_krr,structure,cv,0.6714487330110442,0.9992219247479168,0.04387254548467654,1000,63,"{""regressor__model__alpha"": 0.001, ""regressor__model__gamma"": 0.001}",2.56,log_standard
1,1000,ridge,cm+structure,cv,0.7690356177235899,1.096142264720209,0.04244811584427451,1000,15,"{""regressor__model__alpha"": 31.622776601683793}",0.11,log_standard
1,1000,rbf_krr,cm+structure,cv,0.6888590636217918,1.007122571185952,0.045358200509420826,1000,63,"{""regressor__model__alpha"": 0.01, ""regressor__model__gamma"": 0.0031622776601683794}",2.37,log_standard
1,1000,ridge,cm/pca8,cv,1.1858744638125587,1.5135634244758607,0.05219058198724744,1000,15,"{""regressor__model__alpha"": 0.0001}",0.09,log_standard
1,1000,rbf_krr,cm/pca8,cv,1.0590159426138879,1.3960054435208815,0.022439427878005756,1000,63,"{""regressor__model__alpha"": 0.001, ""regressor__model__gamma"": 0.01}",2.1,log_standard
1,1000,ridge,cm+structure/pca8,cv,1.1298561065330353,1.440856722592973,0.06326218235957452,1000,15,"{""regressor__model__alpha"": 0.0001}",0.09,log_standard
1,1000,rbf_krr,cm+structure/pca8,cv,0.9076431325672087,1.2619442391732805,0.05074998385109742,1000,63,"{""regressor__model__alpha"": 0.0001, ""regressor__model__gamma"": 0.0031622776601683794}",2.17,log_standard
2,100,ridge,composition,cv,1.2509518166455362,1.7957487556768448,0.3559664618417707,100,15,"{""regressor__model__alpha"": 0.0001}",0.08,log_standard
2,100,rbf_krr,composition,cv,1.2155404225775859,1.7763889983489953,0.3464883781618343,100,63,"{""regressor__model__alpha"": 0.001, ""regressor__model__gamma"": 0.001}",0.26,log_standard
2,100,ridge,cm,cv,1.3729327679545915,1.942584043523329,0.24219265338655024,100,15,"{""regressor__model__alpha"": 100.0}",0.07,log_standard
2,100,rbf_krr,cm,cv,1.336484648150951,1.9310784883597294,0.27075071236965126,100,63,"{""regressor__model__alpha"": 0.1, ""regressor__model__gamma"": 0.0031622776601683794}",0.27,log_standard
2,100,ridge,structure,cv,0.9246988220665089,1.5015589148137538,0.2522672980146229,100,15,"{""regressor__model__alpha"": 31.622776601683793}",0.07,log_standard
2,100,rbf_krr,structure,cv,0.923645979411056,1.4897342885252023,0.25780722115667504,100,63,"{""regressor__model__alpha"": 0.1, ""regressor__model__gamma"": 0.0031622776601683794}",0.29,log_standard
2,100,ridge,cm+structure,cv,0.9683975982862084,1.5587983785318444,0.29266346403400884,100,15,"{""regressor__model__alpha"": 31.622776601683793}",0.08,log_standard
2,100,rbf_krr,cm+structure,cv,0.9785153302202149,1.5790050138429252,0.2693099821010799,100,63,"{""regressor__model__alpha"": 0.1, ""regressor__model__gamma"": 0.001}",0.28,log_standard
2,100,ridge,cm/pca8,cv,1.3625618680103713,1.939260805354187,0.24221106538711246,100,15,"{""regressor__model__alpha"": 100.0}",0.07,log_standard
2,100,rbf_krr,cm/pca8,cv,1.2866753839993756,1.8977283245563654,0.2718298439845553,100,63,"{""regressor__model__alpha"": 0.01, ""regressor__model__gamma"": 0.001}",0.27,log_standard
2,100,ridge,cm+structure/pca8,cv,1.10189266645676,1.708315081943217,0.1855992890155231,100,15,"{""regressor__model__alpha"": 0.0001}",0.07,log_standard
2,100,rbf_krr,cm+structure/pca8,cv,1.0294285002902297,1.6542148925884985,0.21784867912753808,100,63,"{""regressor__model__alpha"": 0.01, ""regressor__model__gamma"": 0.001}",0.3,log_standard
2,300,ridge,composition,cv,1.218385810318884,1.6910920459883085,0.17779080897087446,300,15,"{""regressor__model__alpha"": 0.0001}",0.07,log_standard
2,300,rbf_krr,composition,cv,1.1153349481307677,1.651495799866338,0.15658403658514736,300,63,"{""regressor__model__alpha"": 0.0001, ""regressor__model__gamma"": 0.001}",0.35,log_standard
2,300,ridge,cm,cv,1.308448557748663,1.8079799299770232,0.18882311483648698,300,15,"{""regressor__model__alpha"": 100.0}",0.09,log_standard
2,300,rbf_krr,cm,cv,1.2389515432356297,1.757402377580458,0.15703510807559812,300,63,"{""regressor__model__alpha"": 0.1, ""regressor__model__gamma"": 0.01}",0.4,log_standard
2,300,ridge,structure,cv,0.8925314730648821,1.4209318664015615,0.20726225344964266,300,15,"{""regressor__model__alpha"": 10.0}",0.08,log_standard
2,300,rbf_krr,structure,cv,0.8744621068850851,1.4146730589467724,0.20526255619599312,300,63,"{""regressor__model__alpha"": 0.1, ""regressor__model__gamma"": 0.0031622776601683794}",0.37,log_standard
2,300,ridge,cm+structure,cv,0.9098793928241385,1.429893164614365,0.18642135480589245,300,15,"{""regressor__model__alpha"": 31.622776601683793}",0.09,log_standard
2,300,rbf_krr,cm+structure,cv,0.9051028697125615,1.4283210504473214,0.18947271811710173,300,63,"{""regressor__model__alpha"": 0.1, ""regressor__model__gamma"": 0.001}",0.55,log_standard
2,300,ridge,cm/pca8,cv,1.2973501092182915,1.7997919458975622,0.1894180226468748,300,15,"{""regressor__model__alpha"": 0.0001}",0.09,log_standard
2,300,rbf_krr,cm/pca8,cv,1.237286763788882,1.7627758179796018,0.17416604852993292,300,63,"{""regressor__model__alpha"": 0.001, ""regressor__model__gamma"": 0.0031622776601683794}",0.48,log_standard
2,300,ridge,cm+structure/pca8,cv,1.14412170678063,1.6284090510367577,0.19894885749163876,300,15,"{""regressor__model__alpha"": 0.0001}",0.08,log_standard
2,300,rbf_krr,cm+structure/pca8,cv,0.9837464698246161,1.4943298378590881,0.2041827560810981,300,63,"{""regressor__model__alpha"": 0.001, ""regressor__model__gamma"": 0.001}",0.44,log_standard
2,1000,ridge,composition,cv,1.161553753218539,1.5331202361307257,0.05645392201679887,1000,15,"{""regressor__model__alpha"": 0.0001}",0.09,log_standard
2,1000,rbf_krr,composition,cv,1.0667887338418327,1.4636569643867812,0.04771543151045969,1000,63,"{""regressor__model__alpha"": 0.01, ""regressor__model__gamma"": 0.03162277660168379}",2.25,log_standard
2,1000,ridge,cm,cv,1.2184910334933439,1.5909087253709768,0.03018865332060285,1000,15,"{""regressor__model__alpha"": 10.0}",0.09,log_standard
2,1000,rbf_krr,cm,cv,1.0559448502501987,1.4309956227915899,0.04287040503829041,1000,63,"{""regressor__model__alpha"": 0.01, ""regressor__model__gamma"": 0.01}",2.46,log_standard
2,1000,ridge,structure,cv,0.7812224549117802,1.1617814575474414,0.05444425840393232,1000,15,"{""regressor__model__alpha"": 10.0}",0.09,log_standard
2,1000,rbf_krr,structure,cv,0.7296745624391676,1.0971893435799915,0.03667698113828453,1000,63,"{""regressor__model__alpha"": 0.01, ""regressor__model__gamma"": 0.0031622776601683794}",2.74,log_standard
2,1000,ridge,cm+structure,cv,0.7855972135994008,1.1616959867489753,0.05870457239171537,1000,15,"{""regressor__model__alpha"": 31.622776601683793}",0.11,log_standard
2,1000,rbf_krr,cm+structure,cv,0.7389461903214021,1.1273235043726937,0.04882905175279936,1000,63,"{""regressor__model__alpha"": 0.01, ""regressor__model__gamma"": 0.001}",2.55,log_standard
2,1000,ridge,cm/pca8,cv,1.236385935219068,1.606166481017376,0.04264590563749378,1000,15,"{""regressor__model__alpha"": 0.0001}",0.09,log_standard
2,1000,rbf_krr,cm/pca8,cv,1.0786669818840566,1.4732683502015462,0.037071862583173784,1000,63,"{""regressor__model__alpha"": 0.001, ""regressor__model__gamma"": 0.03162277660168379}",2.13,log_standard
2,1000,ridge,cm+structure/pca8,cv,1.1574367354400696,1.5171726465319626,0.0420264068241233,1000,15,"{""regressor__model__alpha"": 100.0}",0.1,log_standard
2,1000,rbf_krr,cm+structure/pca8,cv,0.9158253191106327,1.308453108760853,0.054666065211679285,1000,63,"{""regressor__model__alpha"": 0.0001, ""regressor__model__gamma"": 0.001}",2.28,log_standard
0,100,ridge,composition,cv,1.1699292409937159,1.4294929895775719,0.14027851130726662,100,15,"{""regressor__model__alpha"": 3.1622776601683795}",0.24,yeo_johnson
0,100,rbf_krr,composition,cv,1.0475053237123273,1.3460092972451694,0.1481638547737204,100,63,"{""regressor__model__alpha"": 1.0, ""regressor__model__gamma"": 0.31622776601683794}",0.38,yeo_johnson
0,100,ridge,cm,cv,1.2920049238650333,1.572374414015884,0.1918126903722428,100,15,"{""regressor__model__alpha"": 31.622776601683793}",0.58,yeo_johnson
0,100,rbf_krr,cm,cv,1.1849862533905615,1.553224305470693,0.2621976779733536,100,63,"{""regressor__model__alpha"": 0.01, ""regressor__model__gamma"": 0.03162277660168379}",0.8,yeo_johnson
0,100,ridge,structure,cv,0.8223087351889653,1.0775198233959506,0.1035736645932081,100,15,"{""regressor__model__alpha"": 10.0}",0.65,yeo_johnson
0,100,rbf_krr,structure,cv,0.7554881894646841,1.0399293021284157,0.10067283995273003,100,63,"{""regressor__model__alpha"": 0.01, ""regressor__model__gamma"": 0.03162277660168379}",0.85,yeo_johnson
0,100,ridge,cm+structure,cv,0.7827245107295915,1.0441040101348986,0.11585005667701329,100,15,"{""regressor__model__alpha"": 10.0}",1.1,yeo_johnson
0,100,rbf_krr,cm+structure,cv,0.7836746413818207,1.0564170374590058,0.09594534520524672,100,63,"{""regressor__model__alpha"": 0.01, ""regressor__model__gamma"": 0.001}",1.32,yeo_johnson
0,100,ridge,cm/pca8,cv,1.2824046484084186,1.5620535461007308,0.21224629105162213,100,15,"{""regressor__model__alpha"": 1.0}",0.58,yeo_johnson
0,100,rbf_krr,cm/pca8,cv,1.140853205377026,1.45559308139247,0.21561160794929143,100,63,"{""regressor__model__alpha"": 0.001, ""regressor__model__gamma"": 0.001}",0.76,yeo_johnson
0,100,ridge,cm+structure/pca8,cv,0.7657979719931569,1.0199383539495646,0.09963915225959058,100,15,"{""regressor__model__alpha"": 0.0001}",1.1,yeo_johnson
0,100,rbf_krr,cm+structure/pca8,cv,0.7921832756235702,1.0411872896819954,0.06445979681550874,100,63,"{""regressor__model__alpha"": 0.01, ""regressor__model__gamma"": 0.001}",1.32,yeo_johnson
0,300,ridge,composition,cv,1.1453139683474232,1.4491834671209658,0.1147318978607218,300,15,"{""regressor__model__alpha"": 10.0}",0.19,yeo_johnson
0,300,rbf_krr,composition,cv,1.0823912339635176,1.418920062356552,0.1267175611966108,300,63,"{""regressor__model__alpha"": 1.0, ""regressor__model__gamma"": 0.1}",0.47,yeo_johnson
0,300,ridge,cm,cv,1.2534728041452667,1.5672526701238518,0.1380658466985592,300,15,"{""regressor__model__alpha"": 100.0}",0.69,yeo_johnson
0,300,rbf_krr,cm,cv,1.124387374598172,1.4931326984056799,0.15676598032562056,300,63,"{""regressor__model__alpha"": 0.1, ""regressor__model__gamma"": 0.03162277660168379}",1.0,yeo_johnson
0,300,ridge,structure,cv,0.6997353988726325,1.0189132435181778,0.15587612132129833,300,15,"{""regressor__model__alpha"": 3.1622776601683795}",0.72,yeo_johnson
0,300,rbf_krr,structure,cv,0.6724634566465582,1.000993492928618,0.1539667352652361,300,63,"{""regressor__model__alpha"": 0.01, ""regressor__model__gamma"": 0.001}",1.21,yeo_johnson
0,300,ridge,cm+structure,cv,0.7374739841236423,1.043938581907965,0.14043038798362753,300,15,"{""regressor__model__alpha"": 10.0}",1.26,yeo_johnson
0,300,rbf_krr,cm+structure,cv,0.7221698358529938,1.0449657209384877,0.14371577488826043,300,63,"{""regressor__model__alpha"": 0.01, ""regressor__model__gamma"": 0.001}",1.62,yeo_johnson
0,300,ridge,cm/pca8,cv,1.2486705286975766,1.5723617420979035,0.12880198789020242,300,15,"{""regressor__model__alpha"": 100.0}",0.67,yeo_johnson
0,300,rbf_krr,cm/pca8,cv,1.1323253964777487,1.4691268772685147,0.13737855280177338,300,63,"{""regressor__model__alpha"": 0.001, ""regressor__model__gamma"": 0.0031622776601683794}",0.98,yeo_johnson
0,300,ridge,cm+structure/pca8,cv,1.081719430648554,1.4049346534841898,0.14149943547734323,300,15,"{""regressor__model__alpha"": 0.0001}",1.27,yeo_johnson
0,300,rbf_krr,cm+structure/pca8,cv,0.9172824418153483,1.218480028546796,0.10542097514910298,300,63,"{""regressor__model__alpha"": 0.01, ""regressor__model__gamma"": 0.0031622776601683794}",1.78,yeo_johnson
0,1000,ridge,composition,cv,1.2306857315181587,1.8484046853894833,0.11034255770361338,1000,15,"{""regressor__model__alpha"": 10.0}",0.23,yeo_johnson
0,1000,rbf_krr,composition,cv,1.1357101841848152,1.8082676476352064,0.0989588939317464,1000,63,"{""regressor__model__alpha"": 1.0, ""regressor__model__gamma"": 0.1}",2.25,yeo_johnson
0,1000,ridge,cm,cv,1.3012495582349566,1.942873835224356,0.10065094398135309,1000,15,"{""regressor__model__alpha"": 100.0}",0.81,yeo_johnson
0,1000,rbf_krr,cm,cv,1.1883965135584003,1.8391764600966574,0.08045670453097493,1000,63,"{""regressor__model__alpha"": 0.1, ""regressor__model__gamma"": 0.01}",2.94,yeo_johnson
0,1000,ridge,structure,cv,0.850041944712465,1.509950993551678,0.03707326854570451,1000,15,"{""regressor__model__alpha"": 31.622776601683793}",0.87,yeo_johnson
0,1000,rbf_krr,structure,cv,0.8048844946518335,1.4473747889340363,0.04570221508105841,1000,63,"{""regressor__model__alpha"": 0.1, ""regressor__model__gamma"": 0.01}",3.0,yeo_johnson
0,1000,ridge,cm+structure,cv,0.8565810555593598,1.5247041088771494,0.04919914976325518,1000,15,"{""regressor__model__alpha"": 100.0}",1.54,yeo_johnson
0,1000,rbf_krr,cm+structure,cv,0.8418620187193401,1.514300705780778,0.03430122094278559,1000,63,"{""regressor__model__alpha"": 0.1, ""regressor__model__gamma"": 0.001}",3.93,yeo_johnson
0,1000,ridge,cm/pca8,cv,1.3034485609845292,1.9490175312350972,0.10452740741336235,1000,15,"{""regressor__model__alpha"": 0.0001}",0.87,yeo_johnson
0,1000,rbf_krr,cm/pca8,cv,1.206840366675951,1.871576701834273,0.09545360387057403,1000,63,"{""regressor__model__alpha"": 0.0001, ""regressor__model__gamma"": 0.001}",2.92,yeo_johnson
0,1000,ridge,cm+structure/pca8,cv,1.121313639803861,1.7702567807059177,0.08132754632336418,1000,15,"{""regressor__model__alpha"": 0.0001}",1.54,yeo_johnson
0,1000,rbf_krr,cm+structure/pca8,cv,0.9581217823825745,1.6733537950579702,0.02758273034594461,1000,63,"{""regressor__model__alpha"": 0.1, ""regressor__model__gamma"": 0.01}",3.63,yeo_johnson
1,100,ridge,composition,cv,1.0531786763975215,1.3608323593502232,0.17673470033366734,100,15,"{""regressor__model__alpha"": 0.0001}",0.17,yeo_johnson
1,100,rbf_krr,composition,cv,1.02864418186602,1.3459554772809252,0.1557741970165805,100,63,"{""regressor__model__alpha"": 0.001, ""regressor__model__gamma"": 0.001}",0.36,yeo_johnson
1,100,ridge,cm,cv,1.1145781375897157,1.4135394027597181,0.17053226634356183,100,15,"{""regressor__model__alpha"": 316.22776601683796}",0.57,yeo_johnson
1,100,rbf_krr,cm,cv,1.119544765506323,1.4182702268566223,0.16215221445288414,100,63,"{""regressor__model__alpha"": 1.0, ""regressor__model__gamma"": 0.0031622776601683794}",0.76,yeo_johnson
1,100,ridge,structure,cv,0.8312909132834417,1.1469274860722403,0.17408894494488247,100,15,"{""regressor__model__alpha"": 10.0}",0.69,yeo_johnson
1,100,rbf_krr,structure,cv,0.8213472986036544,1.1432352206314347,0.1639669042378932,100,63,"{""regressor__model__alpha"": 0.1, ""regressor__model__gamma"": 0.0031622776601683794}",0.84,yeo_johnson
1,100,ridge,cm+structure,cv,0.9025313496128073,1.1930675680349114,0.11774244377904118,100,15,"{""regressor__model__alpha"": 31.622776601683793}",1.11,yeo_johnson
1,100,rbf_krr,cm+structure,cv,0.9143225617429579,1.2244592222759598,0.11790057250537703,100,63,"{""regressor__model__alpha"": 0.1, ""regressor__model__gamma"": 0.0031622776601683794}",1.31,yeo_johnson
1,100,ridge,cm/pca8,cv,1.102403754345907,1.4090260301439705,0.1487070870229823,100,15,"{""regressor__model__alpha"": 100.0}",0.55,yeo_johnson
1,100,rbf_krr,cm/pca8,cv,1.095714757968094,1.413784888870766,0.10645009488166773,100,63,"{""regressor__model__alpha"": 0.001, ""regressor__model__gamma"": 0.001}",0.76,yeo_johnson
1,100,ridge,cm+structure/pca8,cv,0.9951808698406204,1.3233860400324335,0.14342993523139266,100,15,"{""regressor__model__alpha"": 31.622776601683793}",1.12,yeo_johnson
1,100,rbf_krr,cm+structure/pca8,cv,0.9730693841103627,1.2800931256928663,0.13129616023664378,100,63,"{""regressor__model__alpha"": 0.01, ""regressor__model__gamma"": 0.001}",1.33,yeo_johnson
1,300,ridge,composition,cv,1.1671359097472214,1.4994529998859683,0.08594004198266972,300,15,"{""regressor__model__alpha"": 10.0}",0.19,yeo_johnson
1,300,rbf_krr,composition,cv,1.125271058203735,1.4660486044661414,0.07768266697043176,300,63,"{""regressor__model__alpha"": 0.01, ""regressor__model__gamma"": 0.0031622776601683794}",0.47,yeo_johnson
1,300,ridge,cm,cv,1.217077892006394,1.5612631545613411,0.151509151790912,300,15,"{""regressor__model__alpha"": 316.22776601683796}",0.69,yeo_johnson
1,300,rbf_krr,cm,cv,1.181655160967516,1.5174747870016925,0.08348918107982084,300,63,"{""regressor__model__alpha"": 0.01, ""regressor__model__gamma"": 0.0031622776601683794}",0.97,yeo_johnson
1,300,ridge,structure,cv,0.8159910776664703,1.145230215027453,0.11394503387741166,300,15,"{""regressor__model__alpha"": 10.0}",0.69,yeo_johnson
1,300,rbf_krr,structure,cv,0.7986581731160334,1.1462898561804145,0.11310669982135381,300,63,"{""regressor__model__alpha"": 0.01, ""regressor__model__gamma"": 0.001}",0.99,yeo_johnson
1,300,ridge,cm+structure,cv,0.8484829414153077,1.1727820791297654,0.0995366541681099,300,15,"{""regressor__model__alpha"": 31.622776601683793}",1.28,yeo_johnson
1,300,rbf_krr,cm+structure,cv,0.8164936689716729,1.1728155774355347,0.09486999327187362,300,63,"{""regressor__model__alpha"": 0.01, ""regressor__model__gamma"": 0.001}",1.57,yeo_johnson
1,300,ridge,cm/pca8,cv,1.2152541497943203,1.561508845647735,0.15474115579983827,300,15,"{""regressor__model__alpha"": 316.22776601683796}",0.68,yeo_johnson
1,300,rbf_krr,cm/pca8,cv,1.1889635502441522,1.5249047055755285,0.09256346982817899,300,63,"{""regressor__model__alpha"": 0.01, ""regressor__model__gamma"": 0.01}",0.98,yeo_johnson
1,300,ridge,cm+structure/pca8,cv,1.115054380282605,1.447090405535716,0.06968824765831032,300,15,"{""regressor__model__alpha"": 100.0}",1.24,yeo_johnson
1,300,rbf_krr,cm+structure/pca8,cv,0.9997455060985122,1.3650642190296565,0.08656102307415417,300,63,"{""regressor__model__alpha"": 0.01, ""regressor__model__gamma"": 0.0031622776601683794}",1.55,yeo_johnson
1,1000,ridge,composition,cv,1.1275771322622146,1.4384563471508467,0.036329720599353875,1000,15,"{""regressor__model__alpha"": 0.0001}",0.21,yeo_johnson
1,1000,rbf_krr,composition,cv,1.0215310737019576,1.3656892469157043,0.019323699136681603,1000,63,"{""regressor__model__alpha"": 0.0001, ""regressor__model__gamma"": 0.0031622776601683794}",2.2,yeo_johnson
1,1000,ridge,cm,cv,1.179300987733714,1.5126146295926703,0.053557746486663664,1000,15,"{""regressor__model__alpha"": 31.622776601683793}",0.81,yeo_johnson
1,1000,rbf_krr,cm,cv,1.0228118395704404,1.3784623568675827,0.03787333319430691,1000,63,"{""regressor__model__alpha"": 0.01, ""regressor__model__gamma"": 0.01}",2.89,yeo_johnson
1,1000,ridge,structure,cv,0.7499306682601383,1.0834989274461746,0.04278089135020546,1000,15,"{""regressor__model__alpha"": 3.1622776601683795}",0.89,yeo_johnson
1,1000,rbf_krr,structure,cv,0.6649502721713619,0.9906156462854405,0.04103190059166613,1000,63,"{""regressor__model__alpha"": 0.01, ""regressor__model__gamma"": 0.0031622776601683794}",3.07,yeo_johnson
1,1000,ridge,cm+structure,cv,0.7620995245032224,1.0909633194245247,0.040980234334982144,1000,15,"{""regressor__model__alpha"": 3.1622776601683795}",1.61,yeo_johnson
1,1000,rbf_krr,cm+structure,cv,0.6915307337654352,1.0124888894481332,0.038853025994308656,1000,63,"{""regressor__model__alpha"": 0.01, ""regressor__model__gamma"": 0.0031622776601683794}",3.97,yeo_johnson
1,1000,ridge,cm/pca8,cv,1.1885419370851567,1.5164051845175084,0.05800201084787474,1000,15,"{""regressor__model__alpha"": 100.0}",0.84,yeo_johnson
1,1000,rbf_krr,cm/pca8,cv,1.0759806711315123,1.4120265235412466,0.033752693372523686,1000,63,"{""regressor__model__alpha"": 1e-05, ""regressor__model__gamma"": 0.001}",2.91,yeo_johnson
1,1000,ridge,cm+structure/pca8,cv,1.0901737908493196,1.4063446295029378,0.06411290706368414,1000,15,"{""regressor__model__alpha"": 0.0001}",1.48,yeo_johnson
1,1000,rbf_krr,cm+structure/pca8,cv,0.8684370853229285,1.212528234782884,0.05885166802565023,1000,63,"{""regressor__model__alpha"": 0.001, ""regressor__model__gamma"": 0.0031622776601683794}",3.55,yeo_johnson
2,100,ridge,composition,cv,1.2396567970015966,1.7743801430846389,0.3093143678332186,100,15,"{""regressor__model__alpha"": 3.1622776601683795}",0.18,yeo_johnson
2,100,rbf_krr,composition,cv,1.1737307222916347,1.7645301568264413,0.26563174041030746,100,63,"{""regressor__model__alpha"": 0.0001, ""regressor__model__gamma"": 0.001}",0.37,yeo_johnson
2,100,ridge,cm,cv,1.358650243150368,1.9376974935607707,0.2450205184685791,100,15,"{""regressor__model__alpha"": 100.0}",0.67,yeo_johnson
2,100,rbf_krr,cm,cv,1.3255631443157077,1.9220600070318596,0.3126383605880882,100,63,"{""regressor__model__alpha"": 0.1, ""regressor__model__gamma"": 0.0031622776601683794}",0.91,yeo_johnson
2,100,ridge,structure,cv,0.9251765353893535,1.5239149209668763,0.24995574312412427,100,15,"{""regressor__model__alpha"": 31.622776601683793}",0.64,yeo_johnson
2,100,rbf_krr,structure,cv,0.9115627403785327,1.5102349332015157,0.25334181708382797,100,63,"{""regressor__model__alpha"": 0.1, ""regressor__model__gamma"": 0.0031622776601683794}",0.9,yeo_johnson
2,100,ridge,cm+structure,cv,0.9376356889949219,1.5654839186202376,0.275803703605026,100,15,"{""regressor__model__alpha"": 31.622776601683793}",1.22,yeo_johnson
2,100,rbf_krr,cm+structure,cv,0.9566549156718404,1.5904552380854708,0.2566572338788164,100,63,"{""regressor__model__alpha"": 0.1, ""regressor__model__gamma"": 0.001}",1.4,yeo_johnson
2,100,ridge,cm/pca8,cv,1.356376734466558,1.9354200488492797,0.2504842319467008,100,15,"{""regressor__model__alpha"": 100.0}",0.69,yeo_johnson
2,100,rbf_krr,cm/pca8,cv,1.2691900316492832,1.885072085706503,0.35087019428306565,100,63,"{""regressor__model__alpha"": 0.01, ""regressor__model__gamma"": 0.0031622776601683794}",0.84,yeo_johnson
2,100,ridge,cm+structure/pca8,cv,1.049087205629175,1.683854250623364,0.19198435150750956,100,15,"{""regressor__model__alpha"": 0.0001}",1.22,yeo_johnson
2,100,rbf_krr,cm+structure/pca8,cv,0.9940054198072397,1.6407459915317728,0.22106553600641132,100,63,"{""regressor__model__alpha"": 0.01, ""regressor__model__gamma"": 0.001}",1.36,yeo_johnson
2,300,ridge,composition,cv,1.2031715973323986,1.6784286857156288,0.194998661670251,300,15,"{""regressor__model__alpha"": 0.0001}",0.18,yeo_johnson
2,300,rbf_krr,composition,cv,1.1077513404372523,1.6445359860354716,0.18098998237632274,300,63,"{""regressor__model__alpha"": 0.01, ""regressor__model__gamma"": 0.01}",0.47,yeo_johnson
2,300,ridge,cm,cv,1.2806228112382796,1.7943882150928683,0.20984112974864433,300,15,"{""regressor__model__alpha"": 31.622776601683793}",0.74,yeo_johnson
2,300,rbf_krr,cm,cv,1.2264218864488023,1.7432001817056826,0.1742988284152026,300,63,"{""regressor__model__alpha"": 0.01, ""regressor__model__gamma"": 0.001}",1.05,yeo_johnson
2,300,ridge,structure,cv,0.8964097317577743,1.4393319137090874,0.21502670057382223,300,15,"{""regressor__model__alpha"": 10.0}",0.67,yeo_johnson
2,300,rbf_krr,structure,cv,0.8766825104994485,1.4275078635574718,0.21252945810168355,300,63,"{""regressor__model__alpha"": 0.1, ""regressor__model__gamma"": 0.0031622776601683794}",0.97,yeo_johnson
2,300,ridge,cm+structure,cv,0.921535615984221,1.4480568381215535,0.20960350554584264,300,15,"{""regressor__model__alpha"": 31.622776601683793}",1.53,yeo_johnson
2,300,rbf_krr,cm+structure,cv,0.9155230584788717,1.4441451096641047,0.21004080373002368,300,63,"{""regressor__model__alpha"": 0.1, ""regressor__model__gamma"": 0.001}",1.62,yeo_johnson
2,300,ridge,cm/pca8,cv,1.292773934425965,1.791738991032132,0.20231435572046136,300,15,"{""regressor__model__alpha"": 10.0}",0.84,yeo_johnson
2,300,rbf_krr,cm/pca8,cv,1.2371723304314404,1.7355456597361674,0.17838176304077197,300,63,"{""regressor__model__alpha"": 0.01, ""regressor__model__gamma"": 0.001}",1.03,yeo_johnson
2,300,ridge,cm+structure/pca8,cv,1.072200255479252,1.5718625664748187,0.22037861443011092,300,15,"{""regressor__model__alpha"": 0.0001}",1.34,yeo_johnson
2,300,rbf_krr,cm+structure/pca8,cv,0.9687178479576413,1.4854096025244081,0.20317051060424224,300,63,"{""regressor__model__alpha"": 0.01, ""regressor__model__gamma"": 0.001}",1.64,yeo_johnson
2,1000,ridge,composition,cv,1.144915058543559,1.5180234518970985,0.06600394080005328,1000,15,"{""regressor__model__alpha"": 0.0001}",0.21,yeo_johnson
2,1000,rbf_krr,composition,cv,1.0575821876155282,1.4533605128458589,0.05233149446200528,1000,63,"{""regressor__model__alpha"": 0.01, ""regressor__model__gamma"": 0.03162277660168379}",2.33,yeo_johnson
2,1000,ridge,cm,cv,1.218491130761897,1.5897661879897838,0.03208683304679692,1000,15,"{""regressor__model__alpha"": 10.0}",0.8,yeo_johnson
2,1000,rbf_krr,cm,cv,1.05747784058449,1.4324195679098597,0.03489569468440842,1000,63,"{""regressor__model__alpha"": 0.1, ""regressor__model__gamma"": 0.03162277660168379}",3.04,yeo_johnson
2,1000,ridge,structure,cv,0.773627048823869,1.1663359545922585,0.061853933788084625,1000,15,"{""regressor__model__alpha"": 3.1622776601683795}",0.8,yeo_johnson
2,1000,rbf_krr,structure,cv,0.7294876695921239,1.1194163938650419,0.03940687916103103,1000,63,"{""regressor__model__alpha"": 0.1, ""regressor__model__gamma"": 0.01}",3.11,yeo_johnson
2,1000,ridge,cm+structure,cv,0.77771102813018,1.1611760235004378,0.06394919970983835,1000,15,"{""regressor__model__alpha"": 10.0}",1.5,yeo_johnson
2,1000,rbf_krr,cm+structure,cv,0.7407361920943601,1.133111905924988,0.05172037338965668,1000,63,"{""regressor__model__alpha"": 0.01, ""regressor__model__gamma"": 0.001}",3.89,yeo_johnson
2,1000,ridge,cm/pca8,cv,1.2386900498071365,1.6078776071425425,0.0420416924601344,1000,15,"{""regressor__model__alpha"": 0.0001}",0.81,yeo_johnson
2,1000,rbf_krr,cm/pca8,cv,1.0953231122727434,1.4903672462800117,0.046592152541370835,1000,63,"{""regressor__model__alpha"": 0.001, ""regressor__model__gamma"": 0.03162277660168379}",2.84,yeo_johnson
2,1000,ridge,cm+structure/pca8,cv,1.1026063440884086,1.468911189217566,0.04848127120609684,1000,15,"{""regressor__model__alpha"": 0.0001}",1.52,yeo_johnson
2,1000,rbf_krr,cm+structure/pca8,cv,0.9096258960906277,1.311885294630039,0.04919112743217202,1000,63,"{""regressor__model__alpha"": 0.001, ""regressor__model__gamma"": 0.0031622776601683794}",3.56,yeo_johnson
0,100,ridge,composition,cv,1.196413778509503,1.4567505113685424,0.10812205404260432,100,15,"{""regressor__model__alpha"": 10.0}",0.08,quantile_normal
0,100,rbf_krr,composition,cv,1.0641316419027007,1.4153638380437055,0.08615923122964218,100,63,"{""regressor__model__alpha"": 0.1, ""regressor__model__gamma"": 0.03162277660168379}",0.29,quantile_normal
0,100,ridge,cm,cv,1.2870593016951009,1.5746601067558625,0.16160901535571331,100,15,"{""regressor__model__alpha"": 100.0}",0.11,quantile_normal
0,100,rbf_krr,cm,cv,1.1606370076929076,1.6174607384456998,0.2724048271076395,100,63,"{""regressor__model__alpha"": 0.001, ""regressor__model__gamma"": 0.0031622776601683794}",0.3,quantile_normal
0,100,ridge,structure,cv,0.7974724757074179,1.025867957653985,0.09697324364815309,100,15,"{""regressor__model__alpha"": 10.0}",0.11,quantile_normal
0,100,rbf_krr,structure,cv,0.7679364051665983,1.0455588212303868,0.07702252011188791,100,63,"{""regressor__model__alpha"": 0.1, ""regressor__model__gamma"": 0.0031622776601683794}",0.33,quantile_normal
0,100,ridge,cm+structure,cv,0.8049520164030345,1.06222264539014,0.11106897874078693,100,15,"{""regressor__model__alpha"": 100.0}",0.14,quantile_normal
0,100,rbf_krr,cm+structure,cv,0.736961938931626,1.0000886991190174,0.08445925209542002,100,63,"{""regressor__model__alpha"": 0.01, ""regressor__model__gamma"": 0.001}",0.34,quantile_normal
0,100,ridge,cm/pca8,cv,1.2676206637982537,1.5458212510216225,0.18069975061507138,100,15,"{""regressor__model__alpha"": 100.0}",0.12,quantile_normal
0,100,rbf_krr,cm/pca8,cv,1.1978513802707587,1.501737795484121,0.1633407349867838,100,63,"{""regressor__model__alpha"": 0.01, ""regressor__model__gamma"": 0.0031622776601683794}",0.32,quantile_normal
0,100,ridge,cm+structure/pca8,cv,0.9094740225768067,1.158974437881353,0.05635595856294311,100,15,"{""regressor__model__alpha"": 0.0001}",0.17,quantile_normal
0,100,rbf_krr,cm+structure/pca8,cv,0.9008299283005811,1.1761101570237296,0.08156594454222764,100,63,"{""regressor__model__alpha"": 0.1, ""regressor__model__gamma"": 0.001}",0.37,quantile_normal
0,300,ridge,composition,cv,1.1633326832334323,1.4622676331725575,0.10325138157199013,300,15,"{""regressor__model__alpha"": 100.0}",0.08,quantile_normal
0,300,rbf_krr,composition,cv,1.0536750054572397,1.4052957579118164,0.1020208925186855,300,63,"{""regressor__model__alpha"": 0.0001, ""regressor__model__gamma"": 0.001}",0.37,quantile_normal
0,300,ridge,cm,cv,1.253529130428554,1.5662301436790822,0.11709340412394562,300,15,"{""regressor__model__alpha"": 1000.0}",0.11,quantile_normal
0,300,rbf_krr,cm,cv,1.1148436251180955,1.438282112188972,0.14170431888418084,300,63,"{""regressor__model__alpha"": 0.01, ""regressor__model__gamma"": 0.0031622776601683794}",0.42,quantile_normal
0,300,ridge,structure,cv,0.6921243135465045,1.0133833975334583,0.13087987847876495,300,15,"{""regressor__model__alpha"": 10.0}",0.13,quantile_normal
0,300,rbf_krr,structure,cv,0.707351065840668,1.0267662530407164,0.123288792481655,300,63,"{""regressor__model__alpha"": 0.1, ""regressor__model__gamma"": 0.001}",0.43,quantile_normal
0,300,ridge,cm+structure,cv,0.7482958984562688,1.042683937901791,0.10612261722050952,300,15,"{""regressor__model__alpha"": 31.622776601683793}",0.16,quantile_normal
0,300,rbf_krr,cm+structure,cv,0.739572333983656,1.0440768966367167,0.10184721806154974,300,63,"{""regressor__model__alpha"": 0.1, ""regressor__model__gamma"": 0.001}",0.46,quantile_normal
0,300,ridge,cm/pca8,cv,1.2517698982565368,1.5696270029932304,0.1161485543200334,300,15,"{""regressor__model__alpha"": 1000.0}",0.12,quantile_normal
0,300,rbf_krr,cm/pca8,cv,1.1508673348354888,1.539732707818703,0.14076827160017297,300,63,"{""regressor__model__alpha"": 1e-06, ""regressor__model__gamma"": 0.001}",0.45,quantile_normal
0,300,ridge,cm+structure/pca8,cv,1.1358739669771227,1.4499622575777114,0.10904052298284769,300,15,"{""regressor__model__alpha"": 1000.0}",0.18,quantile_normal
0,300,rbf_krr,cm+structure/pca8,cv,1.0589017380419226,1.3979418558572927,0.12472316383222092,300,63,"{""regressor__model__alpha"": 1.0, ""regressor__model__gamma"": 0.01}",0.5,quantile_normal
0,1000,ridge,composition,cv,1.2354991942529714,1.8546418376912737,0.09687997518923316,1000,15,"{""regressor__model__alpha"": 100.0}",0.1,quantile_normal
0,1000,rbf_krr,composition,cv,1.136806924828209,1.8047613988116287,0.08793891563055084,1000,63,"{""regressor__model__alpha"": 0.1, ""regressor__model__gamma"": 0.01}",2.2,quantile_normal
0,1000,ridge,cm,cv,1.3092887135950473,1.9491710377313916,0.09877159229157066,1000,15,"{""regressor__model__alpha"": 1000.0}",0.14,quantile_normal
0,1000,rbf_krr,cm,cv,1.1821194591007607,1.8463457022547483,0.07916047796504705,1000,63,"{""regressor__model__alpha"": 0.1, ""regressor__model__gamma"": 0.01}",2.33,quantile_normal
0,1000,ridge,structure,cv,0.8545033145018616,1.5257347503744225,0.04572940514691567,1000,15,"{""regressor__model__alpha"": 100.0}",0.13,quantile_normal
0,1000,rbf_krr,structure,cv,0.8104526363808245,1.4399523592940742,0.04495554104780094,1000,63,"{""regressor__model__alpha"": 0.1, ""regressor__model__gamma"": 0.0031622776601683794}",2.43,quantile_normal
0,1000,ridge,cm+structure,cv,0.8734745917673506,1.5391964425448588,0.0485269855956498,1000,15,"{""regressor__model__alpha"": 100.0}",0.2,quantile_normal
0,1000,rbf_krr,cm+structure,cv,0.8643172724433141,1.5515436377735679,0.048669680403055235,1000,63,"{""regressor__model__alpha"": 0.1, ""regressor__model__gamma"": 0.001}",2.64,quantile_normal
0,1000,ridge,cm/pca8,cv,1.311055825834097,1.9502315473305532,0.09823956046577491,1000,15,"{""regressor__model__alpha"": 316.22776601683796}",0.15,quantile_normal
0,1000,rbf_krr,cm/pca8,cv,1.1901453038310805,1.8470063623318758,0.06576396476748111,1000,63,"{""regressor__model__alpha"": 0.001, ""regressor__model__gamma"": 0.0031622776601683794}",2.34,quantile_normal
0,1000,ridge,cm+structure/pca8,cv,1.091497298120032,1.731151667979126,0.07917155407462718,1000,15,"{""regressor__model__alpha"": 0.0001}",0.23,quantile_normal
0,1000,rbf_krr,cm+structure/pca8,cv,1.0435259281516251,1.7199774321572592,0.07336904068820113,1000,63,"{""regressor__model__alpha"": 1.0, ""regressor__model__gamma"": 0.0031622776601683794}",2.43,quantile_normal
1,100,ridge,composition,cv,1.0789764880003103,1.3739462802564812,0.22360542016348467,100,15,"{""regressor__model__alpha"": 100.0}",0.08,quantile_normal
1,100,rbf_krr,composition,cv,1.046232698388529,1.370451119972749,0.21722941343525645,100,63,"{""regressor__model__alpha"": 1.0, ""regressor__model__gamma"": 0.01}",0.27,quantile_normal
1,100,ridge,cm,cv,1.1317425551865432,1.4262154046099678,0.1594332501229335,100,15,"{""regressor__model__alpha"": 1000.0}",0.1,quantile_normal
1,100,rbf_krr,cm,cv,1.1513133750242899,1.444607267384304,0.16188821842210924,100,63,"{""regressor__model__alpha"": 1.0, ""regressor__model__gamma"": 0.001}",0.3,quantile_normal
1,100,ridge,structure,cv,0.904560217197277,1.2162318835043797,0.15743211529562876,100,15,"{""regressor__model__alpha"": 10.0}",0.12,quantile_normal
1,100,rbf_krr,structure,cv,0.8599921381627389,1.2086401083544385,0.12156611161954012,100,63,"{""regressor__model__alpha"": 0.1, ""regressor__model__gamma"": 0.0031622776601683794}",0.31,quantile_normal
1,100,ridge,cm+structure,cv,0.938307952447509,1.2265636203335841,0.11386979614526642,100,15,"{""regressor__model__alpha"": 100.0}",0.14,quantile_normal
1,100,rbf_krr,cm+structure,cv,0.9478730803286877,1.2442418789679464,0.09210082991182537,100,63,"{""regressor__model__alpha"": 0.1, ""regressor__model__gamma"": 0.001}",0.36,quantile_normal
1,100,ridge,cm/pca8,cv,1.1227152342028217,1.4179109853338918,0.13286616892397607,100,15,"{""regressor__model__alpha"": 316.22776601683796}",0.14,quantile_normal
1,100,rbf_krr,cm/pca8,cv,1.1345948331482918,1.430641112179677,0.12704148536372029,100,63,"{""regressor__model__alpha"": 0.1, ""regressor__model__gamma"": 0.001}",0.32,quantile_normal
1,100,ridge,cm+structure/pca8,cv,1.01725769843633,1.3062059582560341,0.20012350344152496,100,15,"{""regressor__model__alpha"": 316.22776601683796}",0.17,quantile_normal
1,100,rbf_krr,cm+structure/pca8,cv,0.9551721963788641,1.2813202626651368,0.10687159888757322,100,63,"{""regressor__model__alpha"": 0.01, ""regressor__model__gamma"": 0.001}",0.38,quantile_normal
1,300,ridge,composition,cv,1.1847240825973162,1.5053472769761587,0.07857475140348698,300,15,"{""regressor__model__alpha"": 100.0}",0.08,quantile_normal
1,300,rbf_krr,composition,cv,1.1375378613683953,1.4781872545420744,0.07742427500860147,300,63,"{""regressor__model__alpha"": 1.0, ""regressor__model__gamma"": 0.03162277660168379}",0.37,quantile_normal
1,300,ridge,cm,cv,1.217677926088716,1.5569376543267408,0.1438862717690835,300,15,"{""regressor__model__alpha"": 1000.0}",0.12,quantile_normal
1,300,rbf_krr,cm,cv,1.1706779506671003,1.5309480268656857,0.09196448766965726,300,63,"{""regressor__model__alpha"": 0.01, ""regressor__model__gamma"": 0.0031622776601683794}",0.43,quantile_normal
1,300,ridge,structure,cv,0.8237665914245708,1.1662633963311468,0.11208697377379377,300,15,"{""regressor__model__alpha"": 10.0}",0.13,quantile_normal
1,300,rbf_krr,structure,cv,0.8223508836174304,1.1849085605303686,0.09696461295967743,300,63,"{""regressor__model__alpha"": 0.01, ""regressor__model__gamma"": 0.001}",0.42,quantile_normal
1,300,ridge,cm+structure,cv,0.8698784881910565,1.2162417700310224,0.11230885485316926,300,15,"{""regressor__model__alpha"": 31.622776601683793}",0.16,quantile_normal
1,300,rbf_krr,cm+structure,cv,0.8578325404193007,1.2013161666779708,0.09339997396641603,300,63,"{""regressor__model__alpha"": 0.1, ""regressor__model__gamma"": 0.001}",0.56,quantile_normal
1,300,ridge,cm/pca8,cv,1.213450750584677,1.5529956829043396,0.14635239225859709,300,15,"{""regressor__model__alpha"": 1000.0}",0.13,quantile_normal
1,300,rbf_krr,cm/pca8,cv,1.1658282609555946,1.4955461258316625,0.09113225364152644,300,63,"{""regressor__model__alpha"": 0.001, ""regressor__model__gamma"": 0.001}",0.48,quantile_normal
1,300,ridge,cm+structure/pca8,cv,1.0814106302966655,1.3905616843008355,0.05109440129305231,300,15,"{""regressor__model__alpha"": 316.22776601683796}",0.17,quantile_normal
1,300,rbf_krr,cm+structure/pca8,cv,1.0415408766705363,1.3955920442681602,0.13035991229334734,300,63,"{""regressor__model__alpha"": 0.01, ""regressor__model__gamma"": 0.001}",0.49,quantile_normal
1,1000,ridge,composition,cv,1.1458245927338435,1.457395438835632,0.05446560481993403,1000,15,"{""regressor__model__alpha"": 0.0001}",0.09,quantile_normal
1,1000,rbf_krr,composition,cv,1.0239708649862314,1.3656354314230932,0.032199288246064,1000,63,"{""regressor__model__alpha"": 0.1, ""regressor__model__gamma"": 0.01}",2.11,quantile_normal
1,1000,ridge,cm,cv,1.1913833051219997,1.5198473625643458,0.06530232252178078,1000,15,"{""regressor__model__alpha"": 1000.0}",0.14,quantile_normal
1,1000,rbf_krr,cm,cv,1.0379152307690829,1.3756699750852752,0.03462813709592897,1000,63,"{""regressor__model__alpha"": 0.01, ""regressor__model__gamma"": 0.0031622776601683794}",2.36,quantile_normal
1,1000,ridge,structure,cv,0.7458239255277042,1.0877751276502268,0.037730534096158466,1000,15,"{""regressor__model__alpha"": 31.622776601683793}",0.14,quantile_normal
1,1000,rbf_krr,structure,cv,0.6864855209691527,1.0213498899149123,0.04465018948109346,1000,63,"{""regressor__model__alpha"": 0.01, ""regressor__model__gamma"": 0.001}",2.38,quantile_normal
1,1000,ridge,cm+structure,cv,0.7617940860345652,1.1024570536720544,0.04663774039995154,1000,15,"{""regressor__model__alpha"": 31.622776601683793}",0.19,quantile_normal
1,1000,rbf_krr,cm+structure,cv,0.7164844649436239,1.0533740565638718,0.04942173787410025,1000,63,"{""regressor__model__alpha"": 0.1, ""regressor__model__gamma"": 0.001}",2.66,quantile_normal
1,1000,ridge,cm/pca8,cv,1.1900536397841825,1.5193807665998351,0.06620982009577192,1000,15,"{""regressor__model__alpha"": 316.22776601683796}",0.15,quantile_normal
1,1000,rbf_krr,cm/pca8,cv,1.055796946723058,1.3885508235223203,0.04227843076320383,1000,63,"{""regressor__model__alpha"": 0.0001, ""regressor__model__gamma"": 0.0031622776601683794}",2.25,quantile_normal
1,1000,ridge,cm+structure/pca8,cv,1.041393144940608,1.365397710439459,0.02404850041110764,1000,15,"{""regressor__model__alpha"": 0.0001}",0.22,quantile_normal
1,1000,rbf_krr,cm+structure/pca8,cv,0.9327771472045551,1.2963082384210098,0.03321891567879029,1000,63,"{""regressor__model__alpha"": 0.001, ""regressor__model__gamma"": 0.001}",2.58,quantile_normal
2,100,ridge,composition,cv,1.198387408670376,1.751900323358925,0.27362991257087255,100,15,"{""regressor__model__alpha"": 10.0}",0.08,quantile_normal
2,100,rbf_krr,composition,cv,1.1142672054039455,1.7104324414476162,0.27364724601205975,100,63,"{""regressor__model__alpha"": 0.01, ""regressor__model__gamma"": 0.001}",0.27,quantile_normal
2,100,ridge,cm,cv,1.3730746249298855,1.973877089576009,0.23859471459945047,100,15,"{""regressor__model__alpha"": 316.22776601683796}",0.11,quantile_normal
2,100,rbf_krr,cm,cv,1.3465716566983983,1.9771888502266501,0.284736978166116,100,63,"{""regressor__model__alpha"": 0.1, ""regressor__model__gamma"": 0.001}",0.31,quantile_normal
2,100,ridge,structure,cv,0.9775033673354696,1.543659776321564,0.27965671333088876,100,15,"{""regressor__model__alpha"": 31.622776601683793}",0.11,quantile_normal
2,100,rbf_krr,structure,cv,1.020464394065733,1.6336638557094787,0.3120338591430043,100,63,"{""regressor__model__alpha"": 0.1, ""regressor__model__gamma"": 0.001}",0.31,quantile_normal
2,100,ridge,cm+structure,cv,1.0449237171182042,1.6617398038131401,0.3016607507474373,100,15,"{""regressor__model__alpha"": 316.22776601683796}",0.15,quantile_normal
2,100,rbf_krr,cm+structure,cv,1.0926405712646783,1.6988005437388864,0.29331758282382486,100,63,"{""regressor__model__alpha"": 1.0, ""regressor__model__gamma"": 0.001}",0.38,quantile_normal
2,100,ridge,cm/pca8,cv,1.368588009297779,1.9594262080503078,0.22797804284190396,100,15,"{""regressor__model__alpha"": 316.22776601683796}",0.12,quantile_normal
2,100,rbf_krr,cm/pca8,cv,1.2966685204706423,1.9127171318731724,0.2456154959356061,100,63,"{""regressor__model__alpha"": 0.1, ""regressor__model__gamma"": 0.0031622776601683794}",0.32,quantile_normal
2,100,ridge,cm+structure/pca8,cv,1.1072070785899388,1.713946348673382,0.27284400842228235,100,15,"{""regressor__model__alpha"": 316.22776601683796}",0.16,quantile_normal
2,100,rbf_krr,cm+structure/pca8,cv,1.1115798762694409,1.7174275251337432,0.2541946965608208,100,63,"{""regressor__model__alpha"": 1.0, ""regressor__model__gamma"": 0.001}",0.38,quantile_normal
2,300,ridge,composition,cv,1.2132627335638226,1.6824265968875318,0.20121557641516447,300,15,"{""regressor__model__alpha"": 100.0}",0.08,quantile_normal
2,300,rbf_krr,composition,cv,1.0889079464518185,1.6158836359488742,0.188167623481022,300,63,"{""regressor__model__alpha"": 0.1, ""regressor__model__gamma"": 0.01}",0.35,quantile_normal
2,300,ridge,cm,cv,1.3026630523114489,1.8191048170578212,0.21137804356352838,300,15,"{""regressor__model__alpha"": 31.622776601683793}",0.11,quantile_normal
2,300,rbf_krr,cm,cv,1.244632315257603,1.7543983947043262,0.17653406933109866,300,63,"{""regressor__model__alpha"": 0.01, ""regressor__model__gamma"": 0.001}",0.45,quantile_normal
2,300,ridge,structure,cv,0.9158098855245065,1.436061023526949,0.1892308021889942,300,15,"{""regressor__model__alpha"": 31.622776601683793}",0.11,quantile_normal
2,300,rbf_krr,structure,cv,0.9017346496625256,1.4634243188396803,0.18363861336593587,300,63,"{""regressor__model__alpha"": 0.1, ""regressor__model__gamma"": 0.001}",0.43,quantile_normal
2,300,ridge,cm+structure,cv,0.9208610168864654,1.4452237554122607,0.19559319651673013,300,15,"{""regressor__model__alpha"": 100.0}",0.15,quantile_normal
2,300,rbf_krr,cm+structure,cv,0.9507995942820744,1.5113770615100552,0.18115107190070726,300,63,"{""regressor__model__alpha"": 0.1, ""regressor__model__gamma"": 0.001}",0.51,quantile_normal
2,300,ridge,cm/pca8,cv,1.3165173608229042,1.801765197789169,0.20168503763573217,300,15,"{""regressor__model__alpha"": 316.22776601683796}",0.13,quantile_normal
2,300,rbf_krr,cm/pca8,cv,1.2527378528890059,1.7629904485106231,0.20053974839669175,300,63,"{""regressor__model__alpha"": 0.01, ""regressor__model__gamma"": 0.0031622776601683794}",0.42,quantile_normal
2,300,ridge,cm+structure/pca8,cv,1.0737269161061294,1.5941944601416658,0.16530920930108234,300,15,"{""regressor__model__alpha"": 0.0001}",0.19,quantile_normal
2,300,rbf_krr,cm+structure/pca8,cv,1.0262332361126136,1.5799952715908232,0.19950338543178386,300,63,"{""regressor__model__alpha"": 0.1, ""regressor__model__gamma"": 0.001}",0.53,quantile_normal
2,1000,ridge,composition,cv,1.1535661406380149,1.5328928847929584,0.059693310117629794,1000,15,"{""regressor__model__alpha"": 0.0001}",0.1,quantile_normal
2,1000,rbf_krr,composition,cv,1.0598861296692514,1.4582457152036854,0.06220831414726649,1000,63,"{""regressor__model__alpha"": 0.1, ""regressor__model__gamma"": 0.01}",2.15,quantile_normal
2,1000,ridge,cm,cv,1.237505293451503,1.6070214509742975,0.0335041392185627,1000,15,"{""regressor__model__alpha"": 10.0}",0.14,quantile_normal
2,1000,rbf_krr,cm,cv,1.0801040221811724,1.4530030490762966,0.0463207827533147,1000,63,"{""regressor__model__alpha"": 0.01, ""regressor__model__gamma"": 0.0031622776601683794}",2.32,quantile_normal
2,1000,ridge,structure,cv,0.7857749832554723,1.1857649649775963,0.04918383314049589,1000,15,"{""regressor__model__alpha"": 31.622776601683793}",0.14,quantile_normal
2,1000,rbf_krr,structure,cv,0.7486764935332918,1.141322414491179,0.04465264280319881,1000,63,"{""regressor__model__alpha"": 0.1, ""regressor__model__gamma"": 0.0031622776601683794}",2.42,quantile_normal
2,1000,ridge,cm+structure,cv,0.7956751817977515,1.1877038025624267,0.055546135967163804,1000,15,"{""regressor__model__alpha"": 31.622776601683793}",0.2,quantile_normal
2,1000,rbf_krr,cm+structure,cv,0.7656828507423502,1.1655855681785452,0.05312050533510907,1000,63,"{""regressor__model__alpha"": 0.1, ""regressor__model__gamma"": 0.001}",2.69,quantile_normal
2,1000,ridge,cm/pca8,cv,1.2436603754630786,1.6093193679673592,0.04442885995402593,1000,15,"{""regressor__model__alpha"": 316.22776601683796}",0.16,quantile_normal
2,1000,rbf_krr,cm/pca8,cv,1.097723355781292,1.4701478200853761,0.04158649431642571,1000,63,"{""regressor__model__alpha"": 0.001, ""regressor__model__gamma"": 0.0031622776601683794}",2.26,quantile_normal
2,1000,ridge,cm+structure/pca8,cv,1.0686602235816314,1.4418609400564504,0.03616994222948853,1000,15,"{""regressor__model__alpha"": 3.1622776601683795}",0.22,quantile_normal
2,1000,rbf_krr,cm+structure/pca8,cv,0.9666866888085222,1.3710319026835196,0.03013936649891883,1000,63,"{""regressor__model__alpha"": 0.1, ""regressor__model__gamma"": 0.0031622776601683794}",2.44,quantile_normal
