section,family,model,variant,inputs,qubits,n_train,seeds,eval_set,n_eval,mae_D,mae_sd_D,rmse_D,rmse_sd_D,source
A. Quantum (exact),quantum,qkrr,exact simulation,pls10,10,100,3,test_familiar,5484,0.7346,0.0619,1.062,0.0512,results/comparison/test_run01_quantum.csv
A. Quantum (exact),quantum,qkrr,exact simulation,pls10,10,100,3,test_unseen,16818,0.6891,0.0449,1.0087,0.0617,results/comparison/test_run01_quantum.csv
A. Quantum (exact),quantum,qkrr,exact simulation,pls10,10,300,3,test_familiar,5484,0.5778,0.0111,0.8586,0.0284,results/comparison/test_run01_quantum.csv
A. Quantum (exact),quantum,qkrr,exact simulation,pls10,10,300,3,test_unseen,16818,0.5248,0.0027,0.8099,0.0273,results/comparison/test_run01_quantum.csv
A. Quantum (exact),quantum,qkrr,exact simulation,pls10,10,1000,3,test_familiar,5484,0.4916,0.008,0.7219,0.0142,results/comparison/test_run01_quantum.csv
A. Quantum (exact),quantum,qkrr,exact simulation,pls10,10,1000,3,test_unseen,16818,0.4369,0.0103,0.6907,0.0173,results/comparison/test_run01_quantum.csv
A. Quantum (exact),quantum,qkrr,exact simulation,composition,5,100,3,test_familiar,5484,0.9955,0.03,1.3458,0.0297,results/comparison/test_run01_quantum.csv
A. Quantum (exact),quantum,qkrr,exact simulation,composition,5,100,3,test_unseen,16818,0.8793,0.0528,1.2381,0.0202,results/comparison/test_run01_quantum.csv
A. Quantum (exact),quantum,qkrr,exact simulation,composition,5,300,3,test_familiar,5484,0.9795,0.0391,1.3294,0.0574,results/comparison/test_run01_quantum.csv
A. Quantum (exact),quantum,qkrr,exact simulation,composition,5,300,3,test_unseen,16818,0.86,0.0328,1.2256,0.0428,results/comparison/test_run01_quantum.csv
A. Quantum (exact),quantum,qkrr,exact simulation,composition,5,1000,3,test_familiar,5484,0.9417,0.0107,1.2805,0.0161,results/comparison/test_run01_quantum.csv
A. Quantum (exact),quantum,qkrr,exact simulation,composition,5,1000,3,test_unseen,16818,0.8052,0.0048,1.1705,0.0073,results/comparison/test_run01_quantum.csv
A. Quantum (exact),quantum,qkrr_ry,exact simulation,pls10,10,100,3,test_familiar,5484,0.7389,0.0684,1.0692,0.063,results/comparison/test_run01_quantum.csv
A. Quantum (exact),quantum,qkrr_ry,exact simulation,pls10,10,100,3,test_unseen,16818,0.6763,0.0743,1.0035,0.0818,results/comparison/test_run01_quantum.csv
A. Quantum (exact),quantum,qkrr_ry,exact simulation,pls10,10,300,3,test_familiar,5484,0.585,0.0117,0.8662,0.0329,results/comparison/test_run01_quantum.csv
A. Quantum (exact),quantum,qkrr_ry,exact simulation,pls10,10,300,3,test_unseen,16818,0.533,0.025,0.8159,0.0397,results/comparison/test_run01_quantum.csv
A. Quantum (exact),quantum,qkrr_ry,exact simulation,pls10,10,1000,3,test_familiar,5484,0.4935,0.0088,0.73,0.0167,results/comparison/test_run01_quantum.csv
A. Quantum (exact),quantum,qkrr_ry,exact simulation,pls10,10,1000,3,test_unseen,16818,0.4335,0.0069,0.6902,0.0108,results/comparison/test_run01_quantum.csv
A. Quantum (exact),quantum,qkrr_ryrz,exact simulation,pls10,5,100,3,test_familiar,5484,0.7077,0.0563,1.0313,0.0683,results/comparison/test_run01_quantum.csv
A. Quantum (exact),quantum,qkrr_ryrz,exact simulation,pls10,5,100,3,test_unseen,16818,0.6599,0.0459,0.9899,0.088,results/comparison/test_run01_quantum.csv
A. Quantum (exact),quantum,qkrr_ryrz,exact simulation,pls10,5,300,3,test_familiar,5484,0.5864,0.0021,0.8744,0.0355,results/comparison/test_run01_quantum.csv
A. Quantum (exact),quantum,qkrr_ryrz,exact simulation,pls10,5,300,3,test_unseen,16818,0.5269,0.0059,0.823,0.0252,results/comparison/test_run01_quantum.csv
A. Quantum (exact),quantum,qkrr_ryrz,exact simulation,pls10,5,1000,3,test_familiar,5484,0.4986,0.0061,0.7359,0.0049,results/comparison/test_run01_quantum.csv
A. Quantum (exact),quantum,qkrr_ryrz,exact simulation,pls10,5,1000,3,test_unseen,16818,0.4407,0.0132,0.7,0.0324,results/comparison/test_run01_quantum.csv
A. Quantum (exact),quantum,qkrr_product,exact simulation,pls10,10,100,3,test_familiar,5484,0.7324,0.0755,1.0586,0.0645,results/comparison/test_run01_quantum.csv
A. Quantum (exact),quantum,qkrr_product,exact simulation,pls10,10,100,3,test_unseen,16818,0.6735,0.0679,0.9964,0.0795,results/comparison/test_run01_quantum.csv
A. Quantum (exact),quantum,qkrr_product,exact simulation,pls10,10,300,3,test_familiar,5484,0.5782,0.0106,0.8602,0.0285,results/comparison/test_run01_quantum.csv
A. Quantum (exact),quantum,qkrr_product,exact simulation,pls10,10,300,3,test_unseen,16818,0.5188,0.008,0.8059,0.0294,results/comparison/test_run01_quantum.csv
A. Quantum (exact),quantum,qkrr_product,exact simulation,pls10,10,1000,3,test_familiar,5484,0.4903,0.0088,0.7196,0.016,results/comparison/test_run01_quantum.csv
A. Quantum (exact),quantum,qkrr_product,exact simulation,pls10,10,1000,3,test_unseen,16818,0.4329,0.0093,0.6861,0.0165,results/comparison/test_run01_quantum.csv
A. Quantum (exact),quantum,pqk,exact simulation,pls10,10,100,3,test_familiar,5484,0.7236,0.0571,1.0506,0.0475,results/comparison/test_run01_quantum.csv
A. Quantum (exact),quantum,pqk,exact simulation,pls10,10,100,3,test_unseen,16818,0.6806,0.0452,0.9971,0.0599,results/comparison/test_run01_quantum.csv
A. Quantum (exact),quantum,pqk,exact simulation,pls10,10,300,3,test_familiar,5484,0.5777,0.0131,0.8662,0.0361,results/comparison/test_run01_quantum.csv
A. Quantum (exact),quantum,pqk,exact simulation,pls10,10,300,3,test_unseen,16818,0.5274,0.0118,0.8181,0.0295,results/comparison/test_run01_quantum.csv
A. Quantum (exact),quantum,pqk,exact simulation,pls10,10,1000,3,test_familiar,5484,0.4934,0.0068,0.7238,0.016,results/comparison/test_run01_quantum.csv
A. Quantum (exact),quantum,pqk,exact simulation,pls10,10,1000,3,test_unseen,16818,0.4395,0.0163,0.6986,0.0251,results/comparison/test_run01_quantum.csv
A. Quantum (exact),quantum,pqk,exact simulation,composition,5,100,3,test_familiar,5484,1.0092,0.0397,1.3581,0.0182,results/comparison/test_run01_quantum.csv
A. Quantum (exact),quantum,pqk,exact simulation,composition,5,100,3,test_unseen,16818,0.9167,0.0998,1.2624,0.0439,results/comparison/test_run01_quantum.csv
A. Quantum (exact),quantum,pqk,exact simulation,composition,5,300,3,test_familiar,5484,0.974,0.0219,1.3217,0.0351,results/comparison/test_run01_quantum.csv
A. Quantum (exact),quantum,pqk,exact simulation,composition,5,300,3,test_unseen,16818,0.8566,0.0262,1.2171,0.0179,results/comparison/test_run01_quantum.csv
A. Quantum (exact),quantum,pqk,exact simulation,composition,5,1000,3,test_familiar,5484,0.9409,0.0089,1.2847,0.0134,results/comparison/test_run01_quantum.csv
A. Quantum (exact),quantum,pqk,exact simulation,composition,5,1000,3,test_unseen,16818,0.8048,0.0052,1.1782,0.0033,results/comparison/test_run01_quantum.csv
A. Quantum (exact),quantum,qridge,exact simulation,pls10,10,100,3,test_familiar,5484,0.7309,0.0723,1.0736,0.0765,results/comparison/test_run01_quantum.csv
A. Quantum (exact),quantum,qridge,exact simulation,pls10,10,100,3,test_unseen,16818,0.6985,0.0503,1.0216,0.088,results/comparison/test_run01_quantum.csv
A. Quantum (exact),quantum,qridge,exact simulation,pls10,10,300,3,test_familiar,5484,0.5968,0.01,0.8833,0.0469,results/comparison/test_run01_quantum.csv
A. Quantum (exact),quantum,qridge,exact simulation,pls10,10,300,3,test_unseen,16818,0.556,0.0161,0.8455,0.0495,results/comparison/test_run01_quantum.csv
A. Quantum (exact),quantum,qridge,exact simulation,pls10,10,1000,3,test_familiar,5484,0.5454,0.011,0.7808,0.0197,results/comparison/test_run01_quantum.csv
A. Quantum (exact),quantum,qridge,exact simulation,pls10,10,1000,3,test_unseen,16818,0.4931,0.0211,0.7484,0.0126,results/comparison/test_run01_quantum.csv
A. Quantum (shot-aware),quantum,qkrr@100,"shot-aware, 100 shots",pls10,10,100,3,test_familiar,5484,0.7669,0.0653,1.0905,0.0435,results/comparison/test_run02_quantum.csv
A. Quantum (shot-aware),quantum,qkrr@100,"shot-aware, 100 shots",pls10,10,100,3,test_unseen,16818,0.7306,0.072,1.0363,0.0584,results/comparison/test_run02_quantum.csv
A. Quantum (shot-aware),quantum,qkrr@100,"shot-aware, 100 shots",pls10,10,300,3,test_familiar,5484,0.6649,0.0243,0.9549,0.04,results/comparison/test_run02_quantum.csv
A. Quantum (shot-aware),quantum,qkrr@100,"shot-aware, 100 shots",pls10,10,300,3,test_unseen,16818,0.6291,0.0157,0.9173,0.0407,results/comparison/test_run02_quantum.csv
A. Quantum (shot-aware),quantum,qkrr@100,"shot-aware, 100 shots",pls10,10,1000,3,test_familiar,5484,0.5768,0.0117,0.8646,0.0117,results/comparison/test_run02_quantum.csv
A. Quantum (shot-aware),quantum,qkrr@100,"shot-aware, 100 shots",pls10,10,1000,3,test_unseen,16818,0.5371,0.0272,0.8152,0.027,results/comparison/test_run02_quantum.csv
A. Quantum (shot-aware),quantum,qkrr@1000,"shot-aware, 1000 shots",pls10,10,100,3,test_familiar,5484,0.7646,0.1071,1.0943,0.0989,results/comparison/test_run02_quantum.csv
A. Quantum (shot-aware),quantum,qkrr@1000,"shot-aware, 1000 shots",pls10,10,100,3,test_unseen,16818,0.7138,0.0792,1.029,0.0876,results/comparison/test_run02_quantum.csv
A. Quantum (shot-aware),quantum,qkrr@1000,"shot-aware, 1000 shots",pls10,10,300,3,test_familiar,5484,0.6048,0.0133,0.8983,0.0327,results/comparison/test_run02_quantum.csv
A. Quantum (shot-aware),quantum,qkrr@1000,"shot-aware, 1000 shots",pls10,10,300,3,test_unseen,16818,0.5717,0.0261,0.8578,0.0477,results/comparison/test_run02_quantum.csv
A. Quantum (shot-aware),quantum,qkrr@1000,"shot-aware, 1000 shots",pls10,10,1000,3,test_familiar,5484,0.5444,0.0032,0.7962,0.0315,results/comparison/test_run02_quantum.csv
A. Quantum (shot-aware),quantum,qkrr@1000,"shot-aware, 1000 shots",pls10,10,1000,3,test_unseen,16818,0.4968,0.0237,0.7586,0.0528,results/comparison/test_run02_quantum.csv
A. Quantum (shot-aware),quantum,qkrr@10000,"shot-aware, 10000 shots",pls10,10,100,3,test_familiar,5484,0.7402,0.0702,1.0683,0.0602,results/comparison/test_run02_quantum.csv
A. Quantum (shot-aware),quantum,qkrr@10000,"shot-aware, 10000 shots",pls10,10,100,3,test_unseen,16818,0.6934,0.0513,1.013,0.0681,results/comparison/test_run02_quantum.csv
A. Quantum (shot-aware),quantum,qkrr@10000,"shot-aware, 10000 shots",pls10,10,300,3,test_familiar,5484,0.5914,0.0146,0.8814,0.0154,results/comparison/test_run02_quantum.csv
A. Quantum (shot-aware),quantum,qkrr@10000,"shot-aware, 10000 shots",pls10,10,300,3,test_unseen,16818,0.5473,0.0004,0.8375,0.014,results/comparison/test_run02_quantum.csv
A. Quantum (shot-aware),quantum,qkrr@10000,"shot-aware, 10000 shots",pls10,10,1000,3,test_familiar,5484,0.513,0.0059,0.7554,0.0061,results/comparison/test_run02_quantum.csv
A. Quantum (shot-aware),quantum,qkrr@10000,"shot-aware, 10000 shots",pls10,10,1000,3,test_unseen,16818,0.4636,0.0168,0.7234,0.037,results/comparison/test_run02_quantum.csv
A. Quantum (shot-aware),quantum,pqk@100,"shot-aware, 100 shots",pls10,10,100,3,test_familiar,5484,0.7806,0.0632,1.1034,0.0469,results/comparison/test_run02_quantum.csv
A. Quantum (shot-aware),quantum,pqk@100,"shot-aware, 100 shots",pls10,10,100,3,test_unseen,16818,0.7561,0.061,1.0617,0.0683,results/comparison/test_run02_quantum.csv
A. Quantum (shot-aware),quantum,pqk@100,"shot-aware, 100 shots",pls10,10,300,3,test_familiar,5484,0.6685,0.0141,0.9649,0.0228,results/comparison/test_run02_quantum.csv
A. Quantum (shot-aware),quantum,pqk@100,"shot-aware, 100 shots",pls10,10,300,3,test_unseen,16818,0.6144,0.029,0.9133,0.0372,results/comparison/test_run02_quantum.csv
A. Quantum (shot-aware),quantum,pqk@100,"shot-aware, 100 shots",pls10,10,1000,3,test_familiar,5484,0.6046,0.0142,0.9041,0.0216,results/comparison/test_run02_quantum.csv
A. Quantum (shot-aware),quantum,pqk@100,"shot-aware, 100 shots",pls10,10,1000,3,test_unseen,16818,0.5508,0.0281,0.8559,0.0288,results/comparison/test_run02_quantum.csv
A. Quantum (shot-aware),quantum,pqk@1000,"shot-aware, 1000 shots",pls10,10,100,3,test_familiar,5484,0.7679,0.0702,1.0975,0.0612,results/comparison/test_run02_quantum.csv
A. Quantum (shot-aware),quantum,pqk@1000,"shot-aware, 1000 shots",pls10,10,100,3,test_unseen,16818,0.7237,0.0533,1.0453,0.064,results/comparison/test_run02_quantum.csv
A. Quantum (shot-aware),quantum,pqk@1000,"shot-aware, 1000 shots",pls10,10,300,3,test_familiar,5484,0.6174,0.0108,0.8999,0.0279,results/comparison/test_run02_quantum.csv
A. Quantum (shot-aware),quantum,pqk@1000,"shot-aware, 1000 shots",pls10,10,300,3,test_unseen,16818,0.5735,0.0116,0.8648,0.0267,results/comparison/test_run02_quantum.csv
A. Quantum (shot-aware),quantum,pqk@1000,"shot-aware, 1000 shots",pls10,10,1000,3,test_familiar,5484,0.5443,0.0011,0.783,0.0166,results/comparison/test_run02_quantum.csv
A. Quantum (shot-aware),quantum,pqk@1000,"shot-aware, 1000 shots",pls10,10,1000,3,test_unseen,16818,0.4947,0.0244,0.7541,0.0457,results/comparison/test_run02_quantum.csv
"A. Quantum (finite shots, exact-tuned)",quantum,qkrr,exact,pls10,10,100,3,test_familiar_q,80,0.7954,,1.0927,,results/hardware/test_run01_shots.csv
"A. Quantum (finite shots, exact-tuned)",quantum,qkrr,exact,pls10,10,100,3,test_unseen_q,370,0.9551,,1.2265,,results/hardware/test_run01_shots.csv
"A. Quantum (finite shots, exact-tuned)",quantum,qkrr,100 shots,pls10,10,100,3,test_familiar_q,80,1.0872,,1.5022,,results/hardware/test_run01_shots.csv
"A. Quantum (finite shots, exact-tuned)",quantum,qkrr,100 shots,pls10,10,100,3,test_unseen_q,370,1.1804,,1.5443,,results/hardware/test_run01_shots.csv
"A. Quantum (finite shots, exact-tuned)",quantum,qkrr,1000 shots,pls10,10,100,3,test_familiar_q,80,0.8479,,1.1678,,results/hardware/test_run01_shots.csv
"A. Quantum (finite shots, exact-tuned)",quantum,qkrr,1000 shots,pls10,10,100,3,test_unseen_q,370,0.9961,,1.2768,,results/hardware/test_run01_shots.csv
"A. Quantum (finite shots, exact-tuned)",quantum,qkrr,10000 shots,pls10,10,100,3,test_familiar_q,80,0.7954,,1.0944,,results/hardware/test_run01_shots.csv
"A. Quantum (finite shots, exact-tuned)",quantum,qkrr,10000 shots,pls10,10,100,3,test_unseen_q,370,0.9591,,1.2323,,results/hardware/test_run01_shots.csv
"A. Quantum (finite shots, exact-tuned)",quantum,qkrr,exact,pls10,10,300,3,test_familiar_q,80,0.7237,,1.0433,,results/hardware/test_run01_shots.csv
"A. Quantum (finite shots, exact-tuned)",quantum,qkrr,exact,pls10,10,300,3,test_unseen_q,370,0.8208,,1.0754,,results/hardware/test_run01_shots.csv
"A. Quantum (finite shots, exact-tuned)",quantum,qkrr,100 shots,pls10,10,300,3,test_familiar_q,80,2.8243,,4.057,,results/hardware/test_run01_shots.csv
"A. Quantum (finite shots, exact-tuned)",quantum,qkrr,100 shots,pls10,10,300,3,test_unseen_q,370,3.1265,,4.7337,,results/hardware/test_run01_shots.csv
"A. Quantum (finite shots, exact-tuned)",quantum,qkrr,1000 shots,pls10,10,300,3,test_familiar_q,80,1.0694,,1.4856,,results/hardware/test_run01_shots.csv
"A. Quantum (finite shots, exact-tuned)",quantum,qkrr,1000 shots,pls10,10,300,3,test_unseen_q,370,1.2418,,1.6533,,results/hardware/test_run01_shots.csv
"A. Quantum (finite shots, exact-tuned)",quantum,qkrr,10000 shots,pls10,10,300,3,test_familiar_q,80,0.7819,,1.1214,,results/hardware/test_run01_shots.csv
"A. Quantum (finite shots, exact-tuned)",quantum,qkrr,10000 shots,pls10,10,300,3,test_unseen_q,370,0.8789,,1.1444,,results/hardware/test_run01_shots.csv
"A. Quantum (finite shots, exact-tuned)",quantum,qkrr,exact,pls10,10,1000,3,test_familiar_q,80,0.6235,,0.9227,,results/hardware/test_run01_shots.csv
"A. Quantum (finite shots, exact-tuned)",quantum,qkrr,exact,pls10,10,1000,3,test_unseen_q,370,0.7045,,0.9583,,results/hardware/test_run01_shots.csv
"A. Quantum (finite shots, exact-tuned)",quantum,qkrr,100 shots,pls10,10,1000,3,test_familiar_q,80,64.4146,,147.9746,,results/hardware/test_run01_shots.csv
"A. Quantum (finite shots, exact-tuned)",quantum,qkrr,100 shots,pls10,10,1000,3,test_unseen_q,370,77.4987,,180.6355,,results/hardware/test_run01_shots.csv
"A. Quantum (finite shots, exact-tuned)",quantum,qkrr,1000 shots,pls10,10,1000,3,test_familiar_q,80,10.4661,,21.4784,,results/hardware/test_run01_shots.csv
"A. Quantum (finite shots, exact-tuned)",quantum,qkrr,1000 shots,pls10,10,1000,3,test_unseen_q,370,10.6777,,21.7319,,results/hardware/test_run01_shots.csv
"A. Quantum (finite shots, exact-tuned)",quantum,qkrr,10000 shots,pls10,10,1000,3,test_familiar_q,80,2.1554,,3.3425,,results/hardware/test_run01_shots.csv
"A. Quantum (finite shots, exact-tuned)",quantum,qkrr,10000 shots,pls10,10,1000,3,test_unseen_q,370,2.5921,,4.2575,,results/hardware/test_run01_shots.csv
"A. Quantum (finite shots, exact-tuned)",quantum,pqk,exact,pls10,10,100,3,test_familiar_q,80,0.7868,,1.0808,,results/hardware/test_run01_shots.csv
"A. Quantum (finite shots, exact-tuned)",quantum,pqk,exact,pls10,10,100,3,test_unseen_q,370,0.9631,,1.2484,,results/hardware/test_run01_shots.csv
"A. Quantum (finite shots, exact-tuned)",quantum,pqk,100 shots,pls10,10,100,3,test_familiar_q,80,0.9458,,1.2881,,results/hardware/test_run01_shots.csv
"A. Quantum (finite shots, exact-tuned)",quantum,pqk,100 shots,pls10,10,100,3,test_unseen_q,370,1.0594,,1.3426,,results/hardware/test_run01_shots.csv
"A. Quantum (finite shots, exact-tuned)",quantum,pqk,1000 shots,pls10,10,100,3,test_familiar_q,80,0.8144,,1.1099,,results/hardware/test_run01_shots.csv
"A. Quantum (finite shots, exact-tuned)",quantum,pqk,1000 shots,pls10,10,100,3,test_unseen_q,370,0.9801,,1.268,,results/hardware/test_run01_shots.csv
"A. Quantum (finite shots, exact-tuned)",quantum,pqk,10000 shots,pls10,10,100,3,test_familiar_q,80,0.7901,,1.0832,,results/hardware/test_run01_shots.csv
"A. Quantum (finite shots, exact-tuned)",quantum,pqk,10000 shots,pls10,10,100,3,test_unseen_q,370,0.9653,,1.2489,,results/hardware/test_run01_shots.csv
"A. Quantum (finite shots, exact-tuned)",quantum,pqk,exact,pls10,10,300,3,test_familiar_q,80,0.7136,,1.0267,,results/hardware/test_run01_shots.csv
"A. Quantum (finite shots, exact-tuned)",quantum,pqk,exact,pls10,10,300,3,test_unseen_q,370,0.8214,,1.1129,,results/hardware/test_run01_shots.csv
"A. Quantum (finite shots, exact-tuned)",quantum,pqk,100 shots,pls10,10,300,3,test_familiar_q,80,0.8813,,1.1776,,results/hardware/test_run01_shots.csv
"A. Quantum (finite shots, exact-tuned)",quantum,pqk,100 shots,pls10,10,300,3,test_unseen_q,370,0.9423,,1.2061,,results/hardware/test_run01_shots.csv
"A. Quantum (finite shots, exact-tuned)",quantum,pqk,1000 shots,pls10,10,300,3,test_familiar_q,80,0.7621,,1.0796,,results/hardware/test_run01_shots.csv
"A. Quantum (finite shots, exact-tuned)",quantum,pqk,1000 shots,pls10,10,300,3,test_unseen_q,370,0.8571,,1.1405,,results/hardware/test_run01_shots.csv
"A. Quantum (finite shots, exact-tuned)",quantum,pqk,10000 shots,pls10,10,300,3,test_familiar_q,80,0.7166,,1.0295,,results/hardware/test_run01_shots.csv
"A. Quantum (finite shots, exact-tuned)",quantum,pqk,10000 shots,pls10,10,300,3,test_unseen_q,370,0.8216,,1.111,,results/hardware/test_run01_shots.csv
"A. Quantum (finite shots, exact-tuned)",quantum,pqk,exact,pls10,10,1000,3,test_familiar_q,80,0.613,,0.9205,,results/hardware/test_run01_shots.csv
"A. Quantum (finite shots, exact-tuned)",quantum,pqk,exact,pls10,10,1000,3,test_unseen_q,370,0.7418,,1.0323,,results/hardware/test_run01_shots.csv
"A. Quantum (finite shots, exact-tuned)",quantum,pqk,100 shots,pls10,10,1000,3,test_familiar_q,80,0.8272,,1.1206,,results/hardware/test_run01_shots.csv
"A. Quantum (finite shots, exact-tuned)",quantum,pqk,100 shots,pls10,10,1000,3,test_unseen_q,370,0.9253,,1.2155,,results/hardware/test_run01_shots.csv
"A. Quantum (finite shots, exact-tuned)",quantum,pqk,1000 shots,pls10,10,1000,3,test_familiar_q,80,0.6578,,0.9516,,results/hardware/test_run01_shots.csv
"A. Quantum (finite shots, exact-tuned)",quantum,pqk,1000 shots,pls10,10,1000,3,test_unseen_q,370,0.7611,,1.0392,,results/hardware/test_run01_shots.csv
"A. Quantum (finite shots, exact-tuned)",quantum,pqk,10000 shots,pls10,10,1000,3,test_familiar_q,80,0.6277,,0.9203,,results/hardware/test_run01_shots.csv
"A. Quantum (finite shots, exact-tuned)",quantum,pqk,10000 shots,pls10,10,1000,3,test_unseen_q,370,0.7505,,1.0511,,results/hardware/test_run01_shots.csv
"A. Quantum (finite shots, exact-tuned)",quantum,qridge,exact,pls10,10,100,3,test_familiar_q,80,0.7891,,1.1201,,results/hardware/test_run01_shots.csv
"A. Quantum (finite shots, exact-tuned)",quantum,qridge,exact,pls10,10,100,3,test_unseen_q,370,1.0126,,1.3539,,results/hardware/test_run01_shots.csv
"A. Quantum (finite shots, exact-tuned)",quantum,qridge,100 shots,pls10,10,100,3,test_familiar_q,80,0.8694,,1.1985,,results/hardware/test_run01_shots.csv
"A. Quantum (finite shots, exact-tuned)",quantum,qridge,100 shots,pls10,10,100,3,test_unseen_q,370,1.0352,,1.359,,results/hardware/test_run01_shots.csv
"A. Quantum (finite shots, exact-tuned)",quantum,qridge,1000 shots,pls10,10,100,3,test_familiar_q,80,0.8092,,1.1444,,results/hardware/test_run01_shots.csv
"A. Quantum (finite shots, exact-tuned)",quantum,qridge,1000 shots,pls10,10,100,3,test_unseen_q,370,1.0149,,1.3516,,results/hardware/test_run01_shots.csv
"A. Quantum (finite shots, exact-tuned)",quantum,qridge,10000 shots,pls10,10,100,3,test_familiar_q,80,0.7892,,1.1216,,results/hardware/test_run01_shots.csv
"A. Quantum (finite shots, exact-tuned)",quantum,qridge,10000 shots,pls10,10,100,3,test_unseen_q,370,1.013,,1.3532,,results/hardware/test_run01_shots.csv
"A. Quantum (finite shots, exact-tuned)",quantum,qridge,exact,pls10,10,300,3,test_familiar_q,80,0.7216,,1.0476,,results/hardware/test_run01_shots.csv
"A. Quantum (finite shots, exact-tuned)",quantum,qridge,exact,pls10,10,300,3,test_unseen_q,370,0.8814,,1.1931,,results/hardware/test_run01_shots.csv
"A. Quantum (finite shots, exact-tuned)",quantum,qridge,100 shots,pls10,10,300,3,test_familiar_q,80,0.8361,,1.1614,,results/hardware/test_run01_shots.csv
"A. Quantum (finite shots, exact-tuned)",quantum,qridge,100 shots,pls10,10,300,3,test_unseen_q,370,0.9157,,1.187,,results/hardware/test_run01_shots.csv
"A. Quantum (finite shots, exact-tuned)",quantum,qridge,1000 shots,pls10,10,300,3,test_familiar_q,80,0.7417,,1.069,,results/hardware/test_run01_shots.csv
"A. Quantum (finite shots, exact-tuned)",quantum,qridge,1000 shots,pls10,10,300,3,test_unseen_q,370,0.8792,,1.1785,,results/hardware/test_run01_shots.csv
"A. Quantum (finite shots, exact-tuned)",quantum,qridge,10000 shots,pls10,10,300,3,test_familiar_q,80,0.7262,,1.0533,,results/hardware/test_run01_shots.csv
"A. Quantum (finite shots, exact-tuned)",quantum,qridge,10000 shots,pls10,10,300,3,test_unseen_q,370,0.883,,1.1956,,results/hardware/test_run01_shots.csv
"A. Quantum (finite shots, exact-tuned)",quantum,qridge,exact,pls10,10,1000,3,test_familiar_q,80,0.6247,,0.878,,results/hardware/test_run01_shots.csv
"A. Quantum (finite shots, exact-tuned)",quantum,qridge,exact,pls10,10,1000,3,test_unseen_q,370,0.7494,,1.0086,,results/hardware/test_run01_shots.csv
"A. Quantum (finite shots, exact-tuned)",quantum,qridge,100 shots,pls10,10,1000,3,test_familiar_q,80,0.7793,,1.0352,,results/hardware/test_run01_shots.csv
"A. Quantum (finite shots, exact-tuned)",quantum,qridge,100 shots,pls10,10,1000,3,test_unseen_q,370,0.8689,,1.1416,,results/hardware/test_run01_shots.csv
"A. Quantum (finite shots, exact-tuned)",quantum,qridge,1000 shots,pls10,10,1000,3,test_familiar_q,80,0.6401,,0.8862,,results/hardware/test_run01_shots.csv
"A. Quantum (finite shots, exact-tuned)",quantum,qridge,1000 shots,pls10,10,1000,3,test_unseen_q,370,0.7702,,1.0337,,results/hardware/test_run01_shots.csv
"A. Quantum (finite shots, exact-tuned)",quantum,qridge,10000 shots,pls10,10,1000,3,test_familiar_q,80,0.6238,,0.8757,,results/hardware/test_run01_shots.csv
"A. Quantum (finite shots, exact-tuned)",quantum,qridge,10000 shots,pls10,10,1000,3,test_unseen_q,370,0.7492,,1.0109,,results/hardware/test_run01_shots.csv
"B. Classical, same size (Track B)",classical,rbf_krr,exact (quantum test subsets),pls10,,100,3,test_familiar_q,80,0.7755,,1.0747,,results/comparison/test_run02_quantum.csv
"B. Classical, same size (Track B)",classical,rbf_krr,exact (quantum test subsets),pls10,,100,3,test_unseen_q,370,0.9166,,1.1961,,results/comparison/test_run02_quantum.csv
"B. Classical, same size (Track B)",classical,rbf_krr,exact (quantum test subsets),pls10,,300,3,test_familiar_q,80,0.7133,,1.0102,,results/comparison/test_run02_quantum.csv
"B. Classical, same size (Track B)",classical,rbf_krr,exact (quantum test subsets),pls10,,300,3,test_unseen_q,370,0.8295,,1.0916,,results/comparison/test_run02_quantum.csv
"B. Classical, same size (Track B)",classical,rbf_krr,exact (quantum test subsets),pls10,,1000,3,test_familiar_q,80,0.6241,,0.931,,results/comparison/test_run02_quantum.csv
"B. Classical, same size (Track B)",classical,rbf_krr,exact (quantum test subsets),pls10,,1000,3,test_unseen_q,370,0.6992,,0.9633,,results/comparison/test_run02_quantum.csv
A. Quantum (noise / hardware),quantum,qridge,exact,pls10,10,100,1,60 quantum test molecules,60,0.7943,,1.1582,,results/hardware/
A. Quantum (noise / hardware),quantum,qridge,ideal device 1000 shots,pls10,10,100,1,60 quantum test molecules,60,0.8157,,1.1785,,results/hardware/
A. Quantum (noise / hardware),quantum,qridge,FakeFez noise,pls10,10,100,1,60 quantum test molecules,60,0.812,,1.1999,,results/hardware/
A. Quantum (noise / hardware),quantum,qridge,FakeQuebec noise,pls10,10,100,1,60 quantum test molecules,60,0.7983,,1.1619,,results/hardware/
A. Quantum (noise / hardware),quantum,qridge,IBM ibm_quebec hardware,pls10,10,100,1,60 quantum test molecules,60,0.7778,,1.1748,,results/hardware/
A. Quantum (noise / hardware),quantum,pqk,exact,pls10,10,100,1,60 quantum test molecules,60,0.8159,,1.1549,,results/hardware/
A. Quantum (noise / hardware),quantum,pqk,ideal device 1000 shots,pls10,10,100,1,60 quantum test molecules,60,0.8578,,1.1996,,results/hardware/
A. Quantum (noise / hardware),quantum,pqk,FakeFez noise,pls10,10,100,1,60 quantum test molecules,60,0.7944,,1.1525,,results/hardware/
A. Quantum (noise / hardware),quantum,pqk,FakeQuebec noise,pls10,10,100,1,60 quantum test molecules,60,0.7761,,1.1143,,results/hardware/
A. Quantum (noise / hardware),quantum,qkrr,exact,pls10,10,100,1,60 quantum test molecules,60,0.8329,,1.1933,,results/hardware/
A. Quantum (noise / hardware),quantum,qkrr,ideal device 1000 shots,pls10,10,100,1,60 quantum test molecules,60,0.8329,,1.197,,results/hardware/
A. Quantum (noise / hardware),quantum,qkrr,FakeFez noise,pls10,10,100,1,60 quantum test molecules,60,0.9186,,1.2726,,results/hardware/
"B. Classical, same size (Track B)",classical,mean,exact,—,,100,3,test_familiar,5484,1.156,0.0527,1.4829,0.0289,results/comparison/test_run01_quantum.csv
"B. Classical, same size (Track B)",classical,mean,exact,—,,100,3,test_unseen,16818,1.2661,0.1268,1.5343,0.1142,results/comparison/test_run01_quantum.csv
"B. Classical, same size (Track B)",classical,mean,exact,—,,300,3,test_familiar,5484,1.1422,0.0221,1.4624,0.0093,results/comparison/test_run01_quantum.csv
"B. Classical, same size (Track B)",classical,mean,exact,—,,300,3,test_unseen,16818,1.2597,0.0604,1.521,0.0525,results/comparison/test_run01_quantum.csv
"B. Classical, same size (Track B)",classical,mean,exact,—,,1000,3,test_familiar,5484,1.1376,0.0114,1.457,0.0036,results/comparison/test_run01_quantum.csv
"B. Classical, same size (Track B)",classical,mean,exact,—,,1000,3,test_unseen,16818,1.2542,0.032,1.5143,0.0277,results/comparison/test_run01_quantum.csv
"B. Classical, same size (Track B)",classical,ridge,exact,pls10,,100,3,test_familiar,5484,0.7301,0.0608,1.0583,0.0546,results/comparison/test_run01_quantum.csv
"B. Classical, same size (Track B)",classical,ridge,exact,pls10,,100,3,test_unseen,16818,0.6755,0.0751,0.983,0.0674,results/comparison/test_run01_quantum.csv
"B. Classical, same size (Track B)",classical,ridge,exact,pls10,,300,3,test_familiar,5484,0.588,0.0162,0.8736,0.0513,results/comparison/test_run01_quantum.csv
"B. Classical, same size (Track B)",classical,ridge,exact,pls10,,300,3,test_unseen,16818,0.5327,0.0037,0.8127,0.0267,results/comparison/test_run01_quantum.csv
"B. Classical, same size (Track B)",classical,ridge,exact,pls10,,1000,3,test_familiar,5484,0.5091,0.009,0.7421,0.0273,results/comparison/test_run01_quantum.csv
"B. Classical, same size (Track B)",classical,ridge,exact,pls10,,1000,3,test_unseen,16818,0.4516,0.0039,0.6993,0.0124,results/comparison/test_run01_quantum.csv
"B. Classical, same size (Track B)",classical,ridge,exact,all_legal,,100,3,test_familiar,5484,0.6659,0.0528,0.9871,0.0498,results/comparison/test_run01_quantum.csv
"B. Classical, same size (Track B)",classical,ridge,exact,all_legal,,100,3,test_unseen,16818,0.6085,0.0496,0.9135,0.0565,results/comparison/test_run01_quantum.csv
"B. Classical, same size (Track B)",classical,ridge,exact,all_legal,,300,3,test_familiar,5484,0.5674,0.0121,0.8595,0.0518,results/comparison/test_run01_quantum.csv
"B. Classical, same size (Track B)",classical,ridge,exact,all_legal,,300,3,test_unseen,16818,0.5133,0.0136,0.8077,0.0313,results/comparison/test_run01_quantum.csv
"B. Classical, same size (Track B)",classical,ridge,exact,all_legal,,1000,3,test_familiar,5484,0.4895,0.0138,0.7265,0.0453,results/comparison/test_run01_quantum.csv
"B. Classical, same size (Track B)",classical,ridge,exact,all_legal,,1000,3,test_unseen,16818,0.4368,0.0029,0.6953,0.031,results/comparison/test_run01_quantum.csv
"B. Classical, same size (Track B)",classical,rbf_krr,exact,pls10,,100,3,test_familiar,5484,0.7297,0.0747,1.055,0.0654,results/comparison/test_run01_quantum.csv
"B. Classical, same size (Track B)",classical,rbf_krr,exact,pls10,,100,3,test_unseen,16818,0.6659,0.0743,0.9877,0.0873,results/comparison/test_run01_quantum.csv
"B. Classical, same size (Track B)",classical,rbf_krr,exact,pls10,,300,3,test_familiar,5484,0.5784,0.0101,0.8609,0.0284,results/comparison/test_run01_quantum.csv
"B. Classical, same size (Track B)",classical,rbf_krr,exact,pls10,,300,3,test_unseen,16818,0.5203,0.0101,0.8069,0.0295,results/comparison/test_run01_quantum.csv
"B. Classical, same size (Track B)",classical,rbf_krr,exact,pls10,,1000,3,test_familiar,5484,0.4902,0.0085,0.7197,0.0156,results/comparison/test_run01_quantum.csv
"B. Classical, same size (Track B)",classical,rbf_krr,exact,pls10,,1000,3,test_unseen,16818,0.4326,0.0096,0.6862,0.0171,results/comparison/test_run01_quantum.csv
"B. Classical, same size (Track B)",classical,rbf_krr,exact,all_legal,,100,3,test_familiar,5484,0.6622,0.0401,0.9823,0.0318,results/comparison/test_run01_quantum.csv
"B. Classical, same size (Track B)",classical,rbf_krr,exact,all_legal,,100,3,test_unseen,16818,0.603,0.0436,0.9215,0.0466,results/comparison/test_run01_quantum.csv
"B. Classical, same size (Track B)",classical,rbf_krr,exact,all_legal,,300,3,test_familiar,5484,0.549,0.012,0.8383,0.0262,results/comparison/test_run01_quantum.csv
"B. Classical, same size (Track B)",classical,rbf_krr,exact,all_legal,,300,3,test_unseen,16818,0.4992,0.0244,0.7899,0.0241,results/comparison/test_run01_quantum.csv
"B. Classical, same size (Track B)",classical,rbf_krr,exact,all_legal,,1000,3,test_familiar,5484,0.4527,0.0088,0.6846,0.0197,results/comparison/test_run01_quantum.csv
"B. Classical, same size (Track B)",classical,rbf_krr,exact,all_legal,,1000,3,test_unseen,16818,0.4199,0.0153,0.6787,0.0296,results/comparison/test_run01_quantum.csv
"B. Classical, same size (Track B)",classical,rbf_krr,exact,composition,,100,3,test_familiar,5484,0.9828,0.0229,1.3321,0.035,results/comparison/test_run01_quantum.csv
"B. Classical, same size (Track B)",classical,rbf_krr,exact,composition,,100,3,test_unseen,16818,0.865,0.0129,1.2355,0.0272,results/comparison/test_run01_quantum.csv
"B. Classical, same size (Track B)",classical,rbf_krr,exact,composition,,300,3,test_familiar,5484,0.9748,0.0284,1.3134,0.0376,results/comparison/test_run01_quantum.csv
"B. Classical, same size (Track B)",classical,rbf_krr,exact,composition,,300,3,test_unseen,16818,0.8459,0.0206,1.2008,0.0161,results/comparison/test_run01_quantum.csv
"B. Classical, same size (Track B)",classical,rbf_krr,exact,composition,,1000,3,test_familiar,5484,0.9423,0.0112,1.2788,0.02,results/comparison/test_run01_quantum.csv
"B. Classical, same size (Track B)",classical,rbf_krr,exact,composition,,1000,3,test_unseen,16818,0.8072,0.0092,1.1668,0.0118,results/comparison/test_run01_quantum.csv
"B. Classical, same size (Track B)",classical,rf,exact,pls10,,100,3,test_familiar,5484,0.7472,0.0363,1.0795,0.0107,results/comparison/test_run01_quantum.csv
"B. Classical, same size (Track B)",classical,rf,exact,pls10,,100,3,test_unseen,16818,0.6985,0.0846,1.0277,0.0609,results/comparison/test_run01_quantum.csv
"B. Classical, same size (Track B)",classical,rf,exact,pls10,,300,3,test_familiar,5484,0.6324,0.0028,0.9309,0.0044,results/comparison/test_run01_quantum.csv
"B. Classical, same size (Track B)",classical,rf,exact,pls10,,300,3,test_unseen,16818,0.5943,0.021,0.8925,0.0132,results/comparison/test_run01_quantum.csv
"B. Classical, same size (Track B)",classical,rf,exact,pls10,,1000,3,test_familiar,5484,0.5349,0.013,0.793,0.0239,results/comparison/test_run01_quantum.csv
"B. Classical, same size (Track B)",classical,rf,exact,pls10,,1000,3,test_unseen,16818,0.4931,0.0269,0.7675,0.0231,results/comparison/test_run01_quantum.csv
"B. Classical, same size (Track B)",classical,rf,exact,all_legal,,100,3,test_familiar,5484,0.669,0.025,0.9842,0.0468,results/comparison/test_run01_quantum.csv
"B. Classical, same size (Track B)",classical,rf,exact,all_legal,,100,3,test_unseen,16818,0.5797,0.0221,0.8946,0.0424,results/comparison/test_run01_quantum.csv
"B. Classical, same size (Track B)",classical,rf,exact,all_legal,,300,3,test_familiar,5484,0.5799,0.0084,0.8854,0.0054,results/comparison/test_run01_quantum.csv
"B. Classical, same size (Track B)",classical,rf,exact,all_legal,,300,3,test_unseen,16818,0.4952,0.0069,0.8071,0.0095,results/comparison/test_run01_quantum.csv
"B. Classical, same size (Track B)",classical,rf,exact,all_legal,,1000,3,test_familiar,5484,0.4886,0.001,0.7296,0.0148,results/comparison/test_run01_quantum.csv
"B. Classical, same size (Track B)",classical,rf,exact,all_legal,,1000,3,test_unseen,16818,0.4125,0.0028,0.6909,0.0078,results/comparison/test_run01_quantum.csv
"B. Classical, same size (Track B)",classical,rf,exact,composition,,100,3,test_familiar,5484,1.0148,0.0149,1.3576,0.0219,results/comparison/test_run01_quantum.csv
"B. Classical, same size (Track B)",classical,rf,exact,composition,,100,3,test_unseen,16818,0.9205,0.0401,1.2584,0.0169,results/comparison/test_run01_quantum.csv
"B. Classical, same size (Track B)",classical,rf,exact,composition,,300,3,test_familiar,5484,1.0003,0.0189,1.3379,0.0349,results/comparison/test_run01_quantum.csv
"B. Classical, same size (Track B)",classical,rf,exact,composition,,300,3,test_unseen,16818,0.8753,0.0089,1.2239,0.0077,results/comparison/test_run01_quantum.csv
"B. Classical, same size (Track B)",classical,rf,exact,composition,,1000,3,test_familiar,5484,0.9587,0.0085,1.2986,0.0155,results/comparison/test_run01_quantum.csv
"B. Classical, same size (Track B)",classical,rf,exact,composition,,1000,3,test_unseen,16818,0.8248,0.0142,1.1957,0.014,results/comparison/test_run01_quantum.csv
C. Most accurate classical (Track A),classical,ridge,exact,all_legal (188),,100,3,test_familiar,5484,0.6866,0.0652,0.9985,0.065,results/classical/test_run01_track_a.csv
C. Most accurate classical (Track A),classical,ridge,exact,all_legal (188),,100,3,test_unseen,16818,0.6483,0.0752,0.9579,0.0999,results/classical/test_run01_track_a.csv
C. Most accurate classical (Track A),classical,ridge,exact,all_legal (188),,300,3,test_familiar,5484,0.5792,0.0131,0.8541,0.0453,results/classical/test_run01_track_a.csv
C. Most accurate classical (Track A),classical,ridge,exact,all_legal (188),,300,3,test_unseen,16818,0.5448,0.031,0.8492,0.0709,results/classical/test_run01_track_a.csv
C. Most accurate classical (Track A),classical,ridge,exact,all_legal (188),,1000,3,test_familiar,5484,0.4909,0.0079,0.7116,0.019,results/classical/test_run01_track_a.csv
C. Most accurate classical (Track A),classical,ridge,exact,all_legal (188),,1000,3,test_unseen,16818,0.4438,0.022,0.6925,0.0315,results/classical/test_run01_track_a.csv
C. Most accurate classical (Track A),classical,ridge,exact,all_legal (188),,3000,3,test_familiar,5484,0.4615,0.0034,0.6836,0.0134,results/classical/test_run01_track_a.csv
C. Most accurate classical (Track A),classical,ridge,exact,all_legal (188),,3000,3,test_unseen,16818,0.4171,0.009,0.6609,0.0212,results/classical/test_run01_track_a.csv
C. Most accurate classical (Track A),classical,ridge,exact,all_legal (188),,10000,3,test_familiar,5484,0.4438,0.0064,0.6499,0.0172,results/classical/test_run01_track_a.csv
C. Most accurate classical (Track A),classical,ridge,exact,all_legal (188),,10000,3,test_unseen,16818,0.4012,0.0078,0.6259,0.0123,results/classical/test_run01_track_a.csv
C. Most accurate classical (Track A),classical,ridge,exact,all_legal (188),,99198,1,test_familiar,5484,0.4357,,0.6288,,results/classical/test_run01_track_a.csv
C. Most accurate classical (Track A),classical,ridge,exact,all_legal (188),,99198,1,test_unseen,16818,0.3931,,0.6046,,results/classical/test_run01_track_a.csv
C. Most accurate classical (Track A),classical,rbf_krr,exact,all_legal (188),,100,3,test_familiar,5484,0.689,0.0544,1.0057,0.0485,results/classical/test_run01_track_a.csv
C. Most accurate classical (Track A),classical,rbf_krr,exact,all_legal (188),,100,3,test_unseen,16818,0.6407,0.0706,0.9628,0.0859,results/classical/test_run01_track_a.csv
C. Most accurate classical (Track A),classical,rbf_krr,exact,all_legal (188),,300,3,test_familiar,5484,0.5502,0.0177,0.8278,0.0418,results/classical/test_run01_track_a.csv
C. Most accurate classical (Track A),classical,rbf_krr,exact,all_legal (188),,300,3,test_unseen,16818,0.5143,0.0262,0.8218,0.0681,results/classical/test_run01_track_a.csv
C. Most accurate classical (Track A),classical,rbf_krr,exact,all_legal (188),,1000,3,test_familiar,5484,0.4473,0.0014,0.6687,0.0046,results/classical/test_run01_track_a.csv
C. Most accurate classical (Track A),classical,rbf_krr,exact,all_legal (188),,1000,3,test_unseen,16818,0.414,0.0177,0.6722,0.0279,results/classical/test_run01_track_a.csv
C. Most accurate classical (Track A),classical,rbf_krr,exact,all_legal (188),,3000,3,test_familiar,5484,0.3905,0.0074,0.5985,0.0133,results/classical/test_run01_track_a.csv
C. Most accurate classical (Track A),classical,rbf_krr,exact,all_legal (188),,3000,3,test_unseen,16818,0.3745,0.0134,0.6142,0.0141,results/classical/test_run01_track_a.csv
C. Most accurate classical (Track A),classical,rbf_krr,exact,all_legal (188),,10000,3,test_familiar,5484,0.3258,0.0015,0.4993,0.0036,results/classical/test_run01_track_a.csv
C. Most accurate classical (Track A),classical,rbf_krr,exact,all_legal (188),,10000,3,test_unseen,16818,0.3251,0.0101,0.5355,0.0077,results/classical/test_run01_track_a.csv
C. Most accurate classical (Track A),classical,xgb,exact,all_legal (188),,100,3,test_familiar,5484,0.6527,0.0219,0.9731,0.0059,results/classical/test_run01_track_a.csv
C. Most accurate classical (Track A),classical,xgb,exact,all_legal (188),,100,3,test_unseen,16818,0.604,0.0672,0.9328,0.0768,results/classical/test_run01_track_a.csv
C. Most accurate classical (Track A),classical,xgb,exact,all_legal (188),,300,3,test_familiar,5484,0.5576,0.0021,0.8604,0.0155,results/classical/test_run01_track_a.csv
C. Most accurate classical (Track A),classical,xgb,exact,all_legal (188),,300,3,test_unseen,16818,0.4967,0.018,0.8142,0.0382,results/classical/test_run01_track_a.csv
C. Most accurate classical (Track A),classical,xgb,exact,all_legal (188),,1000,3,test_familiar,5484,0.4642,0.0105,0.6991,0.0369,results/classical/test_run01_track_a.csv
C. Most accurate classical (Track A),classical,xgb,exact,all_legal (188),,1000,3,test_unseen,16818,0.4203,0.0214,0.6951,0.0525,results/classical/test_run01_track_a.csv
C. Most accurate classical (Track A),classical,xgb,exact,all_legal (188),,3000,3,test_familiar,5484,0.3924,0.0099,0.6027,0.0177,results/classical/test_run01_track_a.csv
C. Most accurate classical (Track A),classical,xgb,exact,all_legal (188),,3000,3,test_unseen,16818,0.3543,0.0073,0.614,0.0164,results/classical/test_run01_track_a.csv
C. Most accurate classical (Track A),classical,xgb,exact,all_legal (188),,10000,3,test_familiar,5484,0.3294,0.0032,0.507,0.0062,results/classical/test_run01_track_a.csv
C. Most accurate classical (Track A),classical,xgb,exact,all_legal (188),,10000,3,test_unseen,16818,0.3125,0.0087,0.5423,0.0175,results/classical/test_run01_track_a.csv
C. Most accurate classical (Track A),classical,xgb,exact,all_legal (188),,99198,1,test_familiar,5484,0.2248,,0.3502,,results/classical/test_run01_track_a.csv
C. Most accurate classical (Track A),classical,xgb,exact,all_legal (188),,99198,1,test_unseen,16818,0.2295,,0.3985,,results/classical/test_run01_track_a.csv
C. Most accurate classical (Track A),classical,charge_net,exact,per-atom (85),,100,3,test_familiar,5484,1.1401,0.1039,1.9759,0.5375,results/classical/test_run01_track_a.csv
C. Most accurate classical (Track A),classical,charge_net,exact,per-atom (85),,100,3,test_unseen,16818,1.0832,0.0434,1.9981,0.7014,results/classical/test_run01_track_a.csv
C. Most accurate classical (Track A),classical,charge_net,exact,per-atom (85),,300,3,test_familiar,5484,0.6889,0.3699,1.2227,0.7235,results/classical/test_run01_track_a.csv
C. Most accurate classical (Track A),classical,charge_net,exact,per-atom (85),,300,3,test_unseen,16818,0.6875,0.4044,1.391,0.9607,results/classical/test_run01_track_a.csv
C. Most accurate classical (Track A),classical,charge_net,exact,per-atom (85),,1000,3,test_familiar,5484,0.2802,0.0066,0.5031,0.0275,results/classical/test_run01_track_a.csv
C. Most accurate classical (Track A),classical,charge_net,exact,per-atom (85),,1000,3,test_unseen,16818,0.2757,0.0166,0.5374,0.0439,results/classical/test_run01_track_a.csv
C. Most accurate classical (Track A),classical,charge_net,exact,per-atom (85),,3000,3,test_familiar,5484,0.2301,0.093,0.4841,0.1604,results/classical/test_run01_track_a.csv
C. Most accurate classical (Track A),classical,charge_net,exact,per-atom (85),,3000,3,test_unseen,16818,0.206,0.0611,0.4683,0.1346,results/classical/test_run01_track_a.csv
C. Most accurate classical (Track A),classical,charge_net,exact,per-atom (85),,10000,3,test_familiar,5484,0.0951,0.0043,0.1699,0.0104,results/classical/test_run01_track_a.csv
C. Most accurate classical (Track A),classical,charge_net,exact,per-atom (85),,10000,3,test_unseen,16818,0.09,0.002,0.196,0.0104,results/classical/test_run01_track_a.csv
C. Most accurate classical (Track A),classical,charge_net,exact,per-atom (85),,99198,1,test_familiar,5484,0.0401,,0.0689,,results/classical/test_run01_track_a.csv
C. Most accurate classical (Track A),classical,charge_net,exact,per-atom (85),,99198,1,test_unseen,16818,0.0381,,0.0839,,results/classical/test_run01_track_a.csv
