model,N,circuits to train,"circuits to predict 9,183 molecules",QPU hours to train,QPU hours to predict,Open Plan months (train + predict)
quantum kernel ridge (ZZ map),100,4950,918300,0.35574,65.99516,398.1054
projected quantum kernel,100,300,27549,0.021355999999999997,1.9611214799999999,11.894864879999998
quantum-feature ridge (team model),100,100,9183,0.007118666666666666,0.6537071600000001,3.96495496
quantum kernel ridge (ZZ map),300,44850,2754900,3.2232199999999995,197.98548,1207.2522
projected quantum kernel,300,900,27549,0.064068,1.9611214799999999,12.15113688
quantum-feature ridge (team model),300,300,9183,0.021355999999999997,0.6537071600000001,4.050378960000001
quantum kernel ridge (ZZ map),1000,499500,9183000,35.8974,659.9516,4175.094
projected quantum kernel,1000,3000,27549,0.21355999999999997,1.9611214799999999,13.048088879999998
quantum-feature ridge (team model),1000,1000,9183,0.07118666666666666,0.6537071600000001,4.34936296
