encoding,inputs k,circuit,qubits,logical depth,logical 2q gates,transpiled depth,transpiled 2q gates (cz),transpiled 2q depth,duration (µs)
zz,4,U(x) + measure,4,20,12,55,12,10,2.8319999999999994
zz,4,"overlap C(x, x′)",4,39,24,98,22,18,3.839999999999999
zz,6,U(x) + measure,6,26,20,73,20,14,3.311999999999999
zz,6,"overlap C(x, x′)",6,51,40,134,38,26,4.8
zz,8,U(x) + measure,8,32,28,91,28,18,3.7919999999999985
zz,8,"overlap C(x, x′)",8,63,56,170,54,34,5.7600000000000025
zz,10,U(x) + measure,10,38,36,109,36,22,4.271999999999999
zz,10,"overlap C(x, x′)",10,75,72,206,70,42,6.720000000000007
zz,12,U(x) + measure,12,44,44,127,44,26,4.752
zz,12,"overlap C(x, x′)",12,87,88,242,86,50,7.680000000000011
zz,16,U(x) + measure,16,56,60,163,60,34,5.712000000000002
zz,16,"overlap C(x, x′)",16,111,120,314,118,66,9.600000000000016
ry,4,U(x) + measure,4,7,3,18,3,2,1.8960000000000001
ry,4,"overlap C(x, x′)",4,13,6,28,6,4,2.136
ry,6,U(x) + measure,6,7,5,18,5,2,1.8960000000000001
ry,6,"overlap C(x, x′)",6,13,10,28,10,4,2.136
ry,8,U(x) + measure,8,7,7,18,7,2,1.8960000000000001
ry,8,"overlap C(x, x′)",8,13,14,28,14,4,2.136
ry,10,U(x) + measure,10,7,9,18,9,2,1.8960000000000001
ry,10,"overlap C(x, x′)",10,13,18,28,18,4,2.136
ry,12,U(x) + measure,12,7,11,18,11,2,1.8960000000000001
ry,12,"overlap C(x, x′)",12,13,22,28,22,4,2.1519999999999997
ry,16,U(x) + measure,16,7,15,18,15,2,1.8960000000000001
ry,16,"overlap C(x, x′)",16,13,30,28,30,4,2.136
ry_rz,4,U(x) + measure,2,8,1,20,1,1,1.836
ry_rz,4,"overlap C(x, x′)",2,15,2,31,2,2,2.0160000000000005
ry_rz,6,U(x) + measure,3,9,2,21,2,2,1.9400000000000002
ry_rz,6,"overlap C(x, x′)",3,17,4,33,4,4,2.224
ry_rz,8,U(x) + measure,4,9,3,21,3,2,1.9200000000000002
ry_rz,8,"overlap C(x, x′)",4,17,6,33,6,4,2.184
ry_rz,10,U(x) + measure,5,9,4,21,4,2,1.9200000000000002
ry_rz,10,"overlap C(x, x′)",5,17,8,33,8,4,2.184
ry_rz,12,U(x) + measure,6,9,5,21,5,2,1.9200000000000002
ry_rz,12,"overlap C(x, x′)",6,17,10,33,10,4,2.184
ry_rz,16,U(x) + measure,8,9,7,21,7,2,1.9200000000000002
ry_rz,16,"overlap C(x, x′)",8,17,14,33,14,4,2.184
