model,mode,test_subset,n_test,mae_D,rmse_D,rmse_below_tail_D,r2,bias_D
qridge,exact,both,60,0.7942944146155181,1.1582209501456795,1.1582209501456795,0.4182202507670437,-0.30534906122492156
qridge,exact,test_familiar_q,30,0.7843777780428238,1.2484568914837237,1.2484568914837237,0.49980904298747475,-0.18642249123795046
qridge,exact,test_unseen_q,30,0.8042110511882127,1.0603334045570376,1.0603334045570376,0.24446685212828334,-0.42427563121189277
qridge,"ideal device, 1,000 shots",both,60,0.8058234563399463,1.1656240810310214,1.1656240810310214,0.4107592281176913,-0.3026563308760268
qridge,"ideal device, 1,000 shots",test_familiar_q,30,0.8219170526890285,1.2660392105450475,1.2660392105450475,0.48562121686612003,-0.22186453423087268
qridge,"ideal device, 1,000 shots",test_unseen_q,30,0.7897298599908645,1.0557005796727115,1.0557005796727115,0.25105460287628534,-0.38344812752118074
qridge,ibm_quebec,both,60,0.7778345339786923,1.1748388432738415,1.1748388432738415,0.4014059969653072,-0.29343051953844335
qridge,ibm_quebec,test_familiar_q,30,0.7918681809939841,1.2996438842255291,1.2996438842255291,0.4579523464759597,-0.1974422967077997
qridge,ibm_quebec,test_unseen_q,30,0.7638008869634001,1.0350934206752624,1.0350934206752624,0.28000789839873286,-0.3894187423690872
