test_row,train_row,exact,measured,mitigated,survival
0,0,0.889398459479751,0.442,0.9822009569377991,0.45
0,1,0.974640497562456,0.427,0.9488277511961722,0.45
0,2,0.9274100287275812,0.411,0.9132296650717703,0.45
0,3,0.32084148475337504,0.152,0.33698564593301433,0.45
0,4,0.8378084798023246,0.371,0.8242344497607655,0.45
1,0,0.7714870758262086,0.346,0.7327586206896551,0.472
1,1,0.8184020940563072,0.379,0.8027504105090313,0.472
1,2,0.8291134175014936,0.355,0.7518472906403941,0.472
1,3,0.20601578373974633,0.092,0.19403393541324576,0.472
1,4,0.6264019193634808,0.284,0.6012588943623426,0.472
2,0,0.55739159426047,0.271,0.6044342788234678,0.448
2,1,0.5847494291406338,0.255,0.5686769254967755,0.448
2,2,0.6333625356303003,0.281,0.6267826246526504,0.448
2,3,0.37500604702173895,0.161,0.358602474702459,0.448
2,4,0.8808744164002136,0.381,0.8502660829444765,0.448
3,0,0.4180777309827358,0.216,0.45414709517923363,0.475
3,1,0.45089145203739867,0.201,0.4225339925834364,0.475
3,2,0.5987051074097272,0.282,0.5932447466007417,0.475
3,3,0.5011961884736678,0.242,0.5089431396786156,0.475
3,4,0.6273739084841697,0.268,0.5637391841779976,0.475
4,0,0.492964545427043,0.243,0.5711976047904191,0.425
4,1,0.5315587674621012,0.223,0.5240764624596961,0.425
4,2,0.35187468865518623,0.187,0.43925840626439433,0.425
4,3,0.05942988293026483,0.023,0.0528650391524643,0.425
4,4,0.4033437514527398,0.169,0.3968493781667435,0.425
5,0,0.7641458244785523,0.35,0.7412424740010947,0.472
5,1,0.730313747052819,0.311,0.6585249042145594,0.472
5,2,0.8421596933213061,0.41,0.8685002736726875,0.472
5,3,0.4192486406622088,0.179,0.3785577449370553,0.472
5,4,0.8663940642545093,0.392,0.8303229337712097,0.472
6,0,0.28637598276219356,0.143,0.3461752295147403,0.412
6,1,0.43952040469053516,0.17,0.41180076409876265,0.412
6,2,0.4520167480076606,0.209,0.5065932029423504,0.412
6,3,0.8692755042174872,0.38,0.9222215886411588,0.412
6,4,0.4580038671564437,0.206,0.49930147687745907,0.412
7,0,0.31400524110463973,0.165,0.37252883031301487,0.442
7,1,0.484708672100768,0.203,0.4586079077429984,0.442
7,2,0.526024450929961,0.25,0.5650741350906096,0.442
7,3,0.5970741816907112,0.273,0.6171746293245469,0.442
7,4,0.530660760930564,0.241,0.5446869851729819,0.442
8,0,0.4971222692290184,0.248,0.5656652782495217,0.438
8,1,0.544721442508064,0.235,0.53594763939291,0.438
8,2,0.3582926783313267,0.164,0.37364361179141564,0.438
8,3,0.07196424869852266,0.026,0.058179445467384114,0.438
8,4,0.41982575717794257,0.2,0.45593861170203254,0.438
9,0,0.358230808579854,0.176,0.3895174730482787,0.451
9,1,0.5556113635369377,0.27,0.5981915004426853,0.451
9,2,0.5027561757508344,0.224,0.49607442320712464,0.451
9,3,0.5415866176310609,0.228,0.5049541690536952,0.451
9,4,0.7703251255173764,0.325,0.7202880058330295,0.451
